Segment_ID,DateTime,Segment_VAD_Emotion,Emotion_VAD
0,2022-02-05 05:59:48+00:00,"{""valence"": 0.540942619047619, ""arousal"": 0.48704619047619047, ""dominance"": 0.5514907142857142, ""emotion"": [0.034999999999999996, 0.02333333333333333, 0.06904761904761904, 0.11071428571428571, 0.026666666666666665, 0.07833333333333332, 0.03833333333333333, 0.045]}","[{""valence"": 0.1172, ""arousal"": 0.8044, ""dominance"": 0.4744}, {""valence"": 0.12066666666666666, ""arousal"": 0.7543333333333333, ""dominance"": 0.38499999999999995}, {""valence"": 0.7312, ""arousal"": 0.49379999999999996, ""dominance"": 0.5906}, {""valence"": 0.7318888888888888, ""arousal"": 0.43077777777777776, ""dominance"": 0.5936666666666667}, {""valence"": 0.5409999999999999, ""arousal"": 0.5589999999999999, ""dominance"": 0.5515}, {""valence"": 0.1418, ""arousal"": 0.5711999999999999, ""dominance"": 0.36319999999999997}, {""valence"": 0.85975, ""arousal"": 0.50425, ""dominance"": 0.6045}, {""valence"": 0.10200000000000001, ""arousal"": 0.7515000000000001, ""dominance"": 0.45499999999999996}]"
1,2022-02-08 04:46:31+00:00,"{""valence"": 0.6395016396103896, ""arousal"": 0.4849155790043289, ""dominance"": 0.5738437121212122, ""emotion"": [0.02121212121212121, 0.03380952380952381, 0.16216450216450215, 0.15416666666666667, 0.07121212121212121, 0.03839285714285714, 0.13333333333333336, 0.022916666666666665]}","[{""valence"": 0.373, ""arousal"": 0.858, ""dominance"": 0.6035}, {""valence"": 0.2826666666666667, ""arousal"": 0.646, ""dominance"": 0.4546666666666667}, {""valence"": 0.788, ""arousal"": 0.604888888888889, ""dominance"": 0.5914444444444444}, {""valence"": 0.800375, ""arousal"": 0.46099999999999997, ""dominance"": 0.64675}, {""valence"": 0.63, ""arousal"": 0.63525, ""dominance"": 0.5235000000000001}, {""valence"": 0.194, ""arousal"": 0.614, ""dominance"": 0.361}, {""valence"": 0.9064, ""arousal"": 0.5646, ""dominance"": 0.6338000000000001}, {""valence"": 0.2495, ""arousal"": 0.7675000000000001, ""dominance"": 0.476}]"
2,2022-02-12 18:49:01+00:00,"{""valence"": 0.6447230952380951, ""arousal"": 0.48344055555555554, ""dominance"": 0.5903328571428571, ""emotion"": [0.016666666666666666, 0.03611111111111111, 0.08351851851851852, 0.07624338624338624, 0.014814814814814814, 0.03333333333333333, 0.04925925925925925, 0.015000000000000001]}","[{""valence"": 0.0465, ""arousal"": 0.651, ""dominance"": 0.3615}, {""valence"": 0.14075000000000001, ""arousal"": 0.70925, ""dominance"": 0.487}, {""valence"": 0.7265000000000001, ""arousal"": 0.4546249999999999, ""dominance"": 0.6075}, {""valence"": 0.6664, ""arousal"": 0.44689999999999996, ""dominance"": 0.6599999999999999}, {""valence"": 0.944, ""arousal"": 0.5800000000000001, ""dominance"": 0.6615}, {""valence"": 0.11224999999999999, ""arousal"": 0.6637500000000001, ""dominance"": 0.46499999999999997}, {""valence"": 0.8901666666666667, ""arousal"": 0.5581666666666668, ""dominance"": 0.6886666666666666}, {""valence"": 0.2535, ""arousal"": 0.5875, ""dominance"": 0.47850000000000004}]"
3,2022-02-18 05:07:10+00:00,"{""valence"": 0.6171453703703703, ""arousal"": 0.4896287037037037, ""dominance"": 0.5694120370370369, ""emotion"": [0.0, 0.0, 0.16388888888888886, 0.1111111111111111, 0.041666666666666664, 0.0, 0.13425925925925924, 0.05555555555555555]}","[{""valence"": 0, ""arousal"": 0, ""dominance"": 0}, {""valence"": 0, ""arousal"": 0, ""dominance"": 0}, {""valence"": 0.6731250000000001, ""arousal"": 0.533875, ""dominance"": 0.581}, {""valence"": 0.6805000000000001, ""arousal"": 0.462, ""dominance"": 0.583}, {""valence"": 0.7455, ""arousal"": 0.5235, ""dominance"": 0.6725000000000001}, {""valence"": 0, ""arousal"": 0, ""dominance"": 0}, {""valence"": 0.7802, ""arousal"": 0.5713999999999999, ""dominance"": 0.6420000000000001}, {""valence"": 0.048, ""arousal"": 0.74, ""dominance"": 0.415}]"
4,2022-02-21 05:29:41+00:00,"{""valence"": 0.6184521885521885, ""arousal"": 0.45707373737373735, ""dominance"": 0.5518833333333332, ""emotion"": [0.022727272727272728, 0.06414141414141414, 0.09545454545454546, 0.0994949494949495, 0.03535353535353535, 0.031313131313131314, 0.09191919191919191, 0.0101010101010101]}","[{""valence"": 0.26033333333333336, ""arousal"": 0.8609999999999999, ""dominance"": 0.638}, {""valence"": 0.383375, ""arousal"": 0.6388750000000001, ""dominance"": 0.5206250000000001}, {""valence"": 0.7499090909090907, ""arousal"": 0.5533636363636364, ""dominance"": 0.584}, {""valence"": 0.7497777777777779, ""arousal"": 0.515, ""dominance"": 0.6311111111111112}, {""valence"": 0.6779999999999999, ""arousal"": 0.582, ""dominance"": 0.536}, {""valence"": 0.3882, ""arousal"": 0.4523999999999999, ""dominance"": 0.4548}, {""valence"": 0.8290000000000001, ""arousal"": 0.558125, ""dominance"": 0.586375}, {""valence"": 0.0835, ""arousal"": 0.84, ""dominance"": 0.49350000000000005}]"
5,2022-02-23 00:27:01+00:00,"{""valence"": 0.6018555555555555, ""arousal"": 0.44846972789115647, ""dominance"": 0.561931179138322, ""emotion"": [0.03854875283446712, 0.06632653061224489, 0.08015873015873017, 0.07777777777777778, 0.004761904761904762, 0.04251700680272109, 0.0365079365079365, 0.01473922902494331]}","[{""valence"": 0.2, ""arousal"": 0.77875, ""dominance"": 0.48775}, {""valence"": 0.32860000000000006, ""arousal"": 0.5708, ""dominance"": 0.47000000000000003}, {""valence"": 0.7699999999999999, ""arousal"": 0.575857142857143, ""dominance"": 0.652}, {""valence"": 0.7571428571428571, ""arousal"": 0.47957142857142854, ""dominance"": 0.717}, {""valence"": 0.938, ""arousal"": 0.368, ""dominance"": 0.534}, {""valence"": 0.19366666666666665, ""arousal"": 0.5466666666666666, ""dominance"": 0.37266666666666665}, {""valence"": 0.9066666666666666, ""arousal"": 0.54, ""dominance"": 0.7623333333333333}, {""valence"": 0.0775, ""arousal"": 0.8545, ""dominance"": 0.505}]"
6,2022-02-26 00:39:05+00:00,"{""valence"": 0.5830541125541124, ""arousal"": 0.42356785714285716, ""dominance"": 0.5202258658008657, ""emotion"": [0.11785714285714287, 0.056601731601731604, 0.06688311688311688, 0.08701298701298701, 0.05876623376623376, 0.03333333333333333, 0.06266233766233766, 0.02316017316017316]}","[{""valence"": 0.2886, ""arousal"": 0.5754, ""dominance"": 0.5326000000000001}, {""valence"": 0.19585714285714287, ""arousal"": 0.7735714285714286, ""dominance"": 0.5421428571428571}, {""valence"": 0.7278571428571429, ""arousal"": 0.44899999999999995, ""dominance"": 0.5757142857142856}, {""valence"": 0.7297777777777776, ""arousal"": 0.3944444444444445, ""dominance"": 0.5323333333333333}, {""valence"": 0.819, ""arousal"": 0.43179999999999996, ""dominance"": 0.555}, {""valence"": 0.176, ""arousal"": 0.5285, ""dominance"": 0.28850000000000003}, {""valence"": 0.8126666666666668, ""arousal"": 0.49366666666666664, ""dominance"": 0.5871666666666666}, {""valence"": 0.07833333333333334, ""arousal"": 0.66, ""dominance"": 0.43966666666666665}]"
7,2022-03-03 01:25:38+00:00,"{""valence"": 0.6170184523809524, ""arousal"": 0.46057892857142857, ""dominance"": 0.5724964880952381, ""emotion"": [0.016666666666666666, 0.05464285714285714, 0.05, 0.08458333333333334, 0.015476190476190477, 0.016666666666666666, 0.014583333333333332, 0.008333333333333333]}","[{""valence"": 0.297, ""arousal"": 0.7735000000000001, ""dominance"": 0.5429999999999999}, {""valence"": 0.42533333333333334, ""arousal"": 0.6248333333333335, ""dominance"": 0.5438333333333333}, {""valence"": 0.6675000000000001, ""arousal"": 0.6535, ""dominance"": 0.5822499999999999}, {""valence"": 0.7438571428571429, ""arousal"": 0.4647142857142857, ""dominance"": 0.7331428571428572}, {""valence"": 0.6045, ""arousal"": 0.6125, ""dominance"": 0.58}, {""valence"": 0.11349999999999999, ""arousal"": 0.5760000000000001, ""dominance"": 0.27449999999999997}, {""valence"": 0.7989999999999999, ""arousal"": 0.405, ""dominance"": 0.605}, {""valence"": 0.125, ""arousal"": 0.625, ""dominance"": 0.373}]"
8,2022-03-05 00:40:01+00:00,"{""valence"": 0.6125652777777777, ""arousal"": 0.4901586904761904, ""dominance"": 0.5783797222222222, ""emotion"": [0.08404761904761902, 0.08404761904761905, 0.05706349206349207, 0.02896825396825397, 0.013888888888888888, 0.05674603174603174, 0.02976190476190476, 0.007539682539682539]}","[{""valence"": 0.4071000000000001, ""arousal"": 0.7148000000000001, ""dominance"": 0.6222}, {""valence"": 0.34059999999999996, ""arousal"": 0.7158, ""dominance"": 0.5426999999999998}, {""valence"": 0.6605000000000001, ""arousal"": 0.5927, ""dominance"": 0.6934}, {""valence"": 0.784, ""arousal"": 0.49875, ""dominance"": 0.6995}, {""valence"": 0.698, ""arousal"": 0.538, ""dominance"": 0.523}, {""valence"": 0.3136, ""arousal"": 0.6664000000000001, ""dominance"": 0.4444}, {""valence"": 0.784, ""arousal"": 0.63, ""dominance"": 0.67125}, {""valence"": 0.448, ""arousal"": 0.8160000000000001, ""dominance"": 0.7105}]"
9,2022-03-07 00:51:04+00:00,"{""valence"": 0.6436554563492063, ""arousal"": 0.45992251984126975, ""dominance"": 0.5725438492063493, ""emotion"": [0.013888888888888888, 0.022222222222222223, 0.06845238095238095, 0.09523809523809523, 0.005952380952380952, 0.013888888888888888, 0.026785714285714284, 0.013888888888888888]}","[{""valence"": 0.098, ""arousal"": 0.847, ""dominance"": 0.337}, {""valence"": 0.1585, ""arousal"": 0.8195, ""dominance"": 0.4225}, {""valence"": 0.6988000000000001, ""arousal"": 0.4603999999999999, ""dominance"": 0.6148}, {""valence"": 0.8062857142857143, ""arousal"": 0.4958571428571429, ""dominance"": 0.757142857142857}, {""valence"": 0.81, ""arousal"": 0.535, ""dominance"": 0.851}, {""valence"": 0.098, ""arousal"": 0.847, ""dominance"": 0.337}, {""valence"": 0.8475, ""arousal"": 0.5625, ""dominance"": 0.7709999999999999}, {""valence"": 0.098, ""arousal"": 0.847, ""dominance"": 0.337}]"
10,2022-03-14 00:48:43+00:00,"{""valence"": 0.624099880952381, ""arousal"": 0.44746636904761905, ""dominance"": 0.5493093452380953, ""emotion"": [0.023809523809523808, 0.029166666666666664, 0.08142857142857143, 0.12982142857142856, 0.029642857142857144, 0.017142857142857144, 0.13767857142857143, 0.0]}","[{""valence"": 0.646, ""arousal"": 0.589, ""dominance"": 0.651}, {""valence"": 0.22566666666666668, ""arousal"": 0.7123333333333334, ""dominance"": 0.4093333333333333}, {""valence"": 0.7585999999999999, ""arousal"": 0.596, ""dominance"": 0.7028}, {""valence"": 0.7679, ""arousal"": 0.5561999999999998, ""dominance"": 0.7353999999999999}, {""valence"": 0.6476666666666667, ""arousal"": 0.5883333333333334, ""dominance"": 0.6436666666666667}, {""valence"": 0.3355, ""arousal"": 0.44199999999999995, ""dominance"": 0.5}, {""valence"": 0.8067777777777778, ""arousal"": 0.5763333333333333, ""dominance"": 0.7152222222222222}, {""valence"": 0, ""arousal"": 0, ""dominance"": 0}]"
11,2022-03-16 00:17:21+00:00,"{""valence"": 0.5910066137566138, ""arousal"": 0.45911640211640214, ""dominance"": 0.5848032407407406, ""emotion"": [0.058862433862433866, 0.0796957671957672, 0.1173941798941799, 0.05853174603174603, 0.026455026455026454, 0.06481481481481481, 0.06779100529100529, 0.016203703703703703]}","[{""valence"": 0.6774, ""arousal"": 0.6106, ""dominance"": 0.7764}, {""valence"": 0.6592, ""arousal"": 0.5782, ""dominance"": 0.7116}, {""valence"": 0.7884545454545453, ""arousal"": 0.5191818181818182, ""dominance"": 0.7235454545454545}, {""valence"": 0.8867142857142857, ""arousal"": 0.43057142857142855, ""dominance"": 0.693}, {""valence"": 0.778, ""arousal"": 0.48133333333333334, ""dominance"": 0.5266666666666667}, {""valence"": 0.5213333333333333, ""arousal"": 0.503, ""dominance"": 0.6176666666666667}, {""valence"": 0.8598750000000001, ""arousal"": 0.5379999999999999, ""dominance"": 0.7217500000000001}, {""valence"": 0.896, ""arousal"": 0.542, ""dominance"": 0.8705}]"
12,2022-03-20 17:25:04+00:00,"{""valence"": 0.618925600474794, ""arousal"": 0.4376538053344505, ""dominance"": 0.5306697214076246, ""emotion"": [0.02661290322580645, 0.026358050551598938, 0.10765605362379556, 0.0687683284457478, 0.047018572825024446, 0.034153749476330125, 0.05105083088954057, 0.00754084625052367]}","[{""valence"": 0.29225, ""arousal"": 0.5075000000000001, ""dominance"": 0.43075}, {""valence"": 0.2398, ""arousal"": 0.6178000000000001, ""dominance"": 0.4703999999999999}, {""valence"": 0.6401333333333333, ""arousal"": 0.5332, ""dominance"": 0.6017333333333333}, {""valence"": 0.717111111111111, ""arousal"": 0.4795555555555555, ""dominance"": 0.6216666666666667}, {""valence"": 0.75275, ""arousal"": 0.558, ""dominance"": 0.58925}, {""valence"": 0.229, ""arousal"": 0.5748333333333333, ""dominance"": 0.43249999999999994}, {""valence"": 0.7522, ""arousal"": 0.5184, ""dominance"": 0.6167999999999999}, {""valence"": 0.521, ""arousal"": 0.388, ""dominance"": 0.5885}]"
13,2022-03-27 02:26:40+00:00,"{""valence"": 0.6051394841269839, ""arousal"": 0.43681988095238095, ""dominance"": 0.5374148941798943, ""emotion"": [0.041984126984126985, 0.033650793650793646, 0.06407407407407407, 0.05962962962962962, 0.012037037037037037, 0.0, 0.026851851851851852, 0.0]}","[{""valence"": 0.2788333333333333, ""arousal"": 0.7134999999999999, ""dominance"": 0.5108333333333334}, {""valence"": 0.40299999999999997, ""arousal"": 0.7237500000000001, ""dominance"": 0.657}, {""valence"": 0.77525, ""arousal"": 0.49, ""dominance"": 0.6331249999999999}, {""valence"": 0.7533, ""arousal"": 0.47599999999999987, ""dominance"": 0.6656}, {""valence"": 0.891, ""arousal"": 0.488, ""dominance"": 0.6805}, {""valence"": 0, ""arousal"": 0, ""dominance"": 0}, {""valence"": 0.9014, ""arousal"": 0.5442, ""dominance"": 0.7338000000000001}, {""valence"": 0, ""arousal"": 0, ""dominance"": 0}]"
14,2022-03-30 01:43:14+00:00,"{""valence"": 0.608725, ""arousal"": 0.4681593253968254, ""dominance"": 0.539650529100529, ""emotion"": [0.020833333333333332, 0.07156084656084656, 0.08419312169312171, 0.12275132275132276, 0.04656084656084656, 0.05, 0.06845238095238096, 0.020833333333333332]}","[{""valence"": 0.05825, ""arousal"": 0.7795000000000001, ""dominance"": 0.4305}, {""valence"": 0.26058333333333333, ""arousal"": 0.6985000000000001, ""dominance"": 0.4891666666666666}, {""valence"": 0.6962857142857143, ""arousal"": 0.511, ""dominance"": 0.5969285714285715}, {""valence"": 0.7808750000000001, ""arousal"": 0.41175, ""dominance"": 0.6056250000000002}, {""valence"": 0.7486249999999999, ""arousal"": 0.6115, ""dominance"": 0.5792499999999999}, {""valence"": 0.06812500000000002, ""arousal"": 0.6981249999999999, ""dominance"": 0.34175}, {""valence"": 0.8765000000000001, ""arousal"": 0.42940000000000006, ""dominance"": 0.655}, {""valence"": 0.05825, ""arousal"": 0.7795000000000001, ""dominance"": 0.4305}]"
15,2022-04-04 16:04:49+00:00,"{""valence"": 0.6465869565217391, ""arousal"": 0.4920811594202899, ""dominance"": 0.594556728778468, ""emotion"": [0.04492753623188405, 0.021739130434782608, 0.08778467908902692, 0.059420289855072465, 0.06304347826086956, 0.02318840579710145, 0.08115942028985508, 0.0]}","[{""valence"": 0.34299999999999997, ""arousal"": 0.766, ""dominance"": 0.6216666666666666}, {""valence"": 0.3015, ""arousal"": 0.7324999999999999, ""dominance"": 0.5635}, {""valence"": 0.7222222222222222, ""arousal"": 0.4600000000000001, ""dominance"": 0.5630000000000001}, {""valence"": 0.7978000000000001, ""arousal"": 0.46880000000000005, ""dominance"": 0.6448}, {""valence"": 0.84425, ""arousal"": 0.47675, ""dominance"": 0.61275}, {""valence"": 0.32199999999999995, ""arousal"": 0.5720000000000001, ""dominance"": 0.532}, {""valence"": 0.8281666666666667, ""arousal"": 0.4971666666666667, ""dominance"": 0.6351666666666667}, {""valence"": 0, ""arousal"": 0, ""dominance"": 0}]"
16,2022-04-08 01:43:01+00:00,"{""valence"": 0.6165606701940035, ""arousal"": 0.4908168430335096, ""dominance"": 0.5901929012345678, ""emotion"": [0.027557319223985893, 0.0923721340388007, 0.05502645502645503, 0.1695767195767196, 0.04576719576719577, 0.036155202821869487, 0.04642857142857143, 0.005291005291005291]}","[{""valence"": 0.29525, ""arousal"": 0.554, ""dominance"": 0.4115}, {""valence"": 0.3231111111111111, ""arousal"": 0.5812222222222223, ""dominance"": 0.48455555555555563}, {""valence"": 0.7951250000000001, ""arousal"": 0.5585, ""dominance"": 0.693125}, {""valence"": 0.7359374999999999, ""arousal"": 0.455875, ""dominance"": 0.6638124999999999}, {""valence"": 0.8176, ""arousal"": 0.5294, ""dominance"": 0.6716}, {""valence"": 0.11233333333333333, ""arousal"": 0.5273333333333333, ""dominance"": 0.323}, {""valence"": 0.888, ""arousal"": 0.5041428571428572, ""dominance"": 0.7107142857142857}, {""valence"": 0.04, ""arousal"": 0.664, ""dominance"": 0.422}]"
17,2022-04-10 00:03:19+00:00,"{""valence"": 0.6205679653679654, ""arousal"": 0.455878409090909, ""dominance"": 0.5477258116883116, ""emotion"": [0.0, 0.015584415584415584, 0.18295454545454548, 0.09431818181818183, 0.03787878787878787, 0.026515151515151512, 0.0606060606060606, 0.011363636363636364]}","[{""valence"": 0, ""arousal"": 0, ""dominance"": 0}, {""valence"": 0.357, ""arousal"": 0.734, ""dominance"": 0.598}, {""valence"": 0.6731818181818182, ""arousal"": 0.4469090909090909, ""dominance"": 0.5638181818181818}, {""valence"": 0.6845714285714285, ""arousal"": 0.4824285714285714, ""dominance"": 0.6532857142857142}, {""valence"": 0.944, ""arousal"": 0.5800000000000001, ""dominance"": 0.6615}, {""valence"": 0.193, ""arousal"": 0.484, ""dominance"": 0.23099999999999998}, {""valence"": 0.8006666666666667, ""arousal"": 0.5826666666666666, ""dominance"": 0.6383333333333333}, {""valence"": 0.094, ""arousal"": 0.692, ""dominance"": 0.289}]"
18,2022-04-15 20:09:48+00:00,"{""valence"": 0.692101690821256, ""arousal"": 0.4570748792270531, ""dominance"": 0.567744927536232, ""emotion"": [0.034420289855072464, 0.014492753623188404, 0.12995169082125604, 0.15265700483091788, 0.02898550724637681, 0.02717391304347826, 0.14251207729468598, 0.019927536231884056]}","[{""valence"": 0.4283333333333333, ""arousal"": 0.6429999999999999, ""dominance"": 0.5730000000000001}, {""valence"": 0.448, ""arousal"": 0.375, ""dominance"": 0.536}, {""valence"": 0.6677272727272726, ""arousal"": 0.4684545454545454, ""dominance"": 0.5337272727272727}, {""valence"": 0.7945555555555556, ""arousal"": 0.5027777777777778, ""dominance"": 0.6823333333333332}, {""valence"": 0.5315, ""arousal"": 0.39749999999999996, ""dominance"": 0.3965}, {""valence"": 0.24866666666666667, ""arousal"": 0.5106666666666667, ""dominance"": 0.4013333333333333}, {""valence"": 0.8905714285714285, ""arousal"": 0.5404285714285714, ""dominance"": 0.67}, {""valence"": 0.3105, ""arousal"": 0.5525, ""dominance"": 0.47250000000000003}]"
19,2022-04-19 17:36:11+00:00,"{""valence"": 0.6093989417989418, ""arousal"": 0.45116983109483116, ""dominance"": 0.5533508954008954, ""emotion"": [0.058333333333333334, 0.03504273504273504, 0.052991452991452984, 0.06239316239316239, 0.03635531135531135, 0.04978632478632478, 0.043223443223443216, 0.008333333333333333]}","[{""valence"": 0.41025, ""arousal"": 0.5953749999999999, ""dominance"": 0.4946250000000001}, {""valence"": 0.44980000000000003, ""arousal"": 0.472, ""dominance"": 0.3546}, {""valence"": 0.6912727272727273, ""arousal"": 0.44281818181818183, ""dominance"": 0.5845454545454545}, {""valence"": 0.7847, ""arousal"": 0.4497, ""dominance"": 0.6815999999999999}, {""valence"": 0.8306666666666667, ""arousal"": 0.48783333333333334, ""dominance"": 0.5938333333333333}, {""valence"": 0.23785714285714285, ""arousal"": 0.5225714285714286, ""dominance"": 0.25357142857142856}, {""valence"": 0.897625, ""arousal"": 0.5602499999999999, ""dominance"": 0.7290000000000001}, {""valence"": 0.0925, ""arousal"": 0.642, ""dominance"": 0.293}]"
20,2022-04-22 08:25:58+00:00,"{""valence"": 0.6004626116071429, ""arousal"": 0.4614985863095239, ""dominance"": 0.5443856398809525, ""emotion"": [0.027083333333333334, 0.05312499999999999, 0.043824404761904766, 0.09170386904761904, 0.028645833333333332, 0.04687499999999999, 0.02708333333333333, 0.019270833333333334]}","[{""valence"": 0.119, ""arousal"": 0.62675, ""dominance"": 0.29225}, {""valence"": 0.21185714285714288, ""arousal"": 0.6071428571428571, ""dominance"": 0.3894285714285714}, {""valence"": 0.8245, ""arousal"": 0.461, ""dominance"": 0.5501666666666667}, {""valence"": 0.7671111111111111, ""arousal"": 0.36677777777777776, ""dominance"": 0.6048888888888889}, {""valence"": 0.6636666666666666, ""arousal"": 0.4246666666666667, ""dominance"": 0.4146666666666667}, {""valence"": 0.14300000000000002, ""arousal"": 0.6124999999999999, ""dominance"": 0.35333333333333333}, {""valence"": 0.9313333333333332, ""arousal"": 0.5263333333333332, ""dominance"": 0.5783333333333334}, {""valence"": 0.138, ""arousal"": 0.669, ""dominance"": 0.292}]"
21,2022-04-25 01:00:44+00:00,"{""valence"": 0.5867583333333333, ""arousal"": 0.511710294117647, ""dominance"": 0.5489063725490195, ""emotion"": [0.08284313725490196, 0.08186274509803922, 0.08186274509803923, 0.10196078431372549, 0.041176470588235294, 0.048529411764705876, 0.09999999999999999, 0.0661764705882353]}","[{""valence"": 0.36450000000000005, ""arousal"": 0.6323333333333333, ""dominance"": 0.5236666666666666}, {""valence"": 0.3885, ""arousal"": 0.7163333333333334, ""dominance"": 0.57}, {""valence"": 0.7070000000000001, ""arousal"": 0.47550000000000003, ""dominance"": 0.610375}, {""valence"": 0.7553333333333333, ""arousal"": 0.40622222222222226, ""dominance"": 0.705888888888889}, {""valence"": 0.83975, ""arousal"": 0.3375, ""dominance"": 0.7050000000000001}, {""valence"": 0.18866666666666668, ""arousal"": 0.5806666666666667, ""dominance"": 0.39066666666666666}, {""valence"": 0.8727142857142857, ""arousal"": 0.3925714285714286, ""dominance"": 0.699}, {""valence"": 0.278, ""arousal"": 0.52325, ""dominance"": 0.39425}]"
22,2022-04-27 03:09:53+00:00,"{""valence"": 0.603322080498866, ""arousal"": 0.49454396258503397, ""dominance"": 0.5326231575963718, ""emotion"": [0.03486394557823129, 0.05476190476190477, 0.1260204081632653, 0.14625850340136054, 0.0071428571428571435, 0.038690476190476185, 0.06666666666666667, 0.041666666666666664]}","[{""valence"": 0.28525, ""arousal"": 0.68575, ""dominance"": 0.5177499999999999}, {""valence"": 0.381, ""arousal"": 0.7248333333333333, ""dominance"": 0.5258333333333334}, {""valence"": 0.6950000000000001, ""arousal"": 0.5018461538461538, ""dominance"": 0.5300769230769231}, {""valence"": 0.78875, ""arousal"": 0.4456666666666667, ""dominance"": 0.6404166666666667}, {""valence"": 0.875, ""arousal"": 0.875, ""dominance"": 0.562}, {""valence"": 0.12375, ""arousal"": 0.78675, ""dominance"": 0.45775}, {""valence"": 0.9024000000000001, ""arousal"": 0.6588, ""dominance"": 0.6512}, {""valence"": 0.14866666666666667, ""arousal"": 0.7113333333333333, ""dominance"": 0.45966666666666667}]"
23,2022-04-29 00:05:35+00:00,"{""valence"": 0.5641844086021506, ""arousal"": 0.4665392473118279, ""dominance"": 0.5468365591397849, ""emotion"": [0.060215053763440864, 0.07903225806451612, 0.04408602150537635, 0.051612903225806445, 0.017204301075268817, 0.060215053763440864, 0.02795698924731183, 0.04408602150537635]}","[{""valence"": 0.19249999999999998, ""arousal"": 0.6736666666666666, ""dominance"": 0.47583333333333333}, {""valence"": 0.21755555555555559, ""arousal"": 0.5842222222222222, ""dominance"": 0.3937777777777777}, {""valence"": 0.6348333333333332, ""arousal"": 0.4601666666666666, ""dominance"": 0.5549999999999999}, {""valence"": 0.7260000000000001, ""arousal"": 0.4545, ""dominance"": 0.667625}, {""valence"": 0.76, ""arousal"": 0.434, ""dominance"": 0.5915}, {""valence"": 0.15885714285714286, ""arousal"": 0.6464285714285715, ""dominance"": 0.4054285714285714}, {""valence"": 0.8564999999999999, ""arousal"": 0.45, ""dominance"": 0.6072500000000001}, {""valence"": 0.1078, ""arousal"": 0.6688000000000001, ""dominance"": 0.41500000000000004}]"
24,2022-05-02 01:12:50+00:00,"{""valence"": 0.6171071995464852, ""arousal"": 0.46108612244897956, ""dominance"": 0.5671869841269841, ""emotion"": [0.014285714285714285, 0.02222222222222222, 0.03571428571428571, 0.07312925170068027, 0.019047619047619046, 0.026190476190476188, 0.019047619047619046, 0.0]}","[{""valence"": 0.437, ""arousal"": 0.7404999999999999, ""dominance"": 0.628}, {""valence"": 0.084, ""arousal"": 0.8273333333333334, ""dominance"": 0.44599999999999995}, {""valence"": 0.6142, ""arousal"": 0.4848, ""dominance"": 0.6130000000000001}, {""valence"": 0.6486, ""arousal"": 0.5029999999999999, ""dominance"": 0.7426}, {""valence"": 0.5365, ""arousal"": 0.6114999999999999, ""dominance"": 0.6465}, {""valence"": 0.16333333333333336, ""arousal"": 0.6903333333333334, ""dominance"": 0.38166666666666665}, {""valence"": 0.843, ""arousal"": 0.604, ""dominance"": 0.7355}, {""valence"": 0, ""arousal"": 0, ""dominance"": 0}]"
25,2022-05-04 00:33:17+00:00,"{""valence"": 0.6635135416666665, ""arousal"": 0.49838946759259245, ""dominance"": 0.6281839120370369, ""emotion"": [0.0, 0.012962962962962963, 0.04513888888888889, 0.10081018518518518, 0.010416666666666666, 0.018171296296296297, 0.024305555555555552, 0.0]}","[{""valence"": 0, ""arousal"": 0, ""dominance"": 0}, {""valence"": 0.3015, ""arousal"": 0.7324999999999999, ""dominance"": 0.5635}, {""valence"": 0.7799999999999999, ""arousal"": 0.5586666666666668, ""dominance"": 0.6271666666666667}, {""valence"": 0.7839999999999999, ""arousal"": 0.5259999999999999, ""dominance"": 0.7041666666666666}, {""valence"": 0.64, ""arousal"": 0.716, ""dominance"": 0.898}, {""valence"": 0.2966666666666667, ""arousal"": 0.5753333333333334, ""dominance"": 0.37433333333333335}, {""valence"": 0.9613333333333335, ""arousal"": 0.6456666666666667, ""dominance"": 0.799}, {""valence"": 0, ""arousal"": 0, ""dominance"": 0}]"
26,2022-05-07 11:47:14+00:00,"{""valence"": 0.5881199206349208, ""arousal"": 0.48722380952380956, ""dominance"": 0.5498603174603175, ""emotion"": [0.05952380952380952, 0.11428571428571428, 0.09198412698412699, 0.11976190476190475, 0.041666666666666664, 0.06587301587301587, 0.07809523809523808, 0.026984126984126985]}","[{""valence"": 0.14750000000000002, ""arousal"": 0.687875, ""dominance"": 0.45462500000000006}, {""valence"": 0.32584615384615384, ""arousal"": 0.7094615384615384, ""dominance"": 0.47169230769230774}, {""valence"": 0.7505454545454545, ""arousal"": 0.6006363636363637, ""dominance"": 0.5857272727272727}, {""valence"": 0.7856923076923077, ""arousal"": 0.47769230769230775, ""dominance"": 0.6154615384615384}, {""valence"": 0.47240000000000004, ""arousal"": 0.6666, ""dominance"": 0.5554}, {""valence"": 0.18725, ""arousal"": 0.6805, ""dominance"": 0.49262500000000004}, {""valence"": 0.8408888888888888, ""arousal"": 0.5657777777777778, ""dominance"": 0.6166666666666666}, {""valence"": 0.075, ""arousal"": 0.7642500000000001, ""dominance"": 0.44949999999999996}]"
27,2022-05-10 16:06:33+00:00,"{""valence"": 0.5730627217553688, ""arousal"": 0.45215597572362265, ""dominance"": 0.5383822128851543, ""emotion"": [0.00980392156862745, 0.030392156862745094, 0.046031746031746035, 0.08662464985994399, 0.02315592903828198, 0.03529411764705882, 0.02042483660130719, 0.025490196078431372]}","[{""valence"": 0.146, ""arousal"": 0.696, ""dominance"": 0.303}, {""valence"": 0.042333333333333334, ""arousal"": 0.7933333333333333, ""dominance"": 0.6029999999999999}, {""valence"": 0.6262, ""arousal"": 0.43759999999999993, ""dominance"": 0.5648}, {""valence"": 0.7422857142857145, ""arousal"": 0.5148571428571429, ""dominance"": 0.7304999999999999}, {""valence"": 0.5585, ""arousal"": 0.66625, ""dominance"": 0.62675}, {""valence"": 0.1475, ""arousal"": 0.5967499999999999, ""dominance"": 0.29175}, {""valence"": 0.6176666666666666, ""arousal"": 0.43599999999999994, ""dominance"": 0.47700000000000004}, {""valence"": 0.3193333333333333, ""arousal"": 0.6486666666666666, ""dominance"": 0.4736666666666666}]"
28,2022-05-14 00:46:21+00:00,"{""valence"": 0.5982644465894466, ""arousal"": 0.4977270913770913, ""dominance"": 0.5357842985842984, ""emotion"": [0.07117117117117117, 0.07297297297297298, 0.09256756756756757, 0.0621943371943372, 0.04459459459459459, 0.0425997425997426, 0.04054054054054054, 0.06756756756756757]}","[{""valence"": 0.15183333333333332, ""arousal"": 0.6411666666666668, ""dominance"": 0.38233333333333325}, {""valence"": 0.23420000000000002, ""arousal"": 0.6712, ""dominance"": 0.35600000000000004}, {""valence"": 0.7223636363636362, ""arousal"": 0.40354545454545454, ""dominance"": 0.5479090909090908}, {""valence"": 0.7327500000000001, ""arousal"": 0.4575833333333334, ""dominance"": 0.64225}, {""valence"": 0.8176666666666668, ""arousal"": 0.4608333333333334, ""dominance"": 0.5415000000000001}, {""valence"": 0.2676, ""arousal"": 0.5088, ""dominance"": 0.3392}, {""valence"": 0.8093999999999999, ""arousal"": 0.4502, ""dominance"": 0.6102000000000001}, {""valence"": 0.135, ""arousal"": 0.67825, ""dominance"": 0.37175}]"
29,2022-05-16 15:06:26+00:00,"{""valence"": 0.6522368707482994, ""arousal"": 0.49950095238095227, ""dominance"": 0.583032993197279, ""emotion"": [0.04523809523809524, 0.03809523809523809, 0.09238095238095237, 0.0926530612244898, 0.06857142857142857, 0.04285714285714286, 0.05095238095238096, 0.011904761904761904]}","[{""valence"": 0.41025, ""arousal"": 0.68675, ""dominance"": 0.5535000000000001}, {""valence"": 0.2445, ""arousal"": 0.47250000000000003, ""dominance"": 0.353}, {""valence"": 0.7964166666666667, ""arousal"": 0.5065, ""dominance"": 0.6337499999999999}, {""valence"": 0.7535000000000001, ""arousal"": 0.44428571428571434, ""dominance"": 0.7190714285714286}, {""valence"": 0.7972499999999998, ""arousal"": 0.6107499999999999, ""dominance"": 0.67375}, {""valence"": 0.22799999999999998, ""arousal"": 0.5727500000000001, ""dominance"": 0.32975}, {""valence"": 0.9154999999999999, ""arousal"": 0.5425, ""dominance"": 0.673}, {""valence"": 0.1175, ""arousal"": 0.6075, ""dominance"": 0.28200000000000003}]"
30,2022-05-19 01:05:07+00:00,"{""valence"": 0.6274343654801988, ""arousal"": 0.47328101651434984, ""dominance"": 0.5923817861151195, ""emotion"": [0.048633156966490294, 0.04047619047619047, 0.0664762706429373, 0.09163059163059163, 0.05388808722142055, 0.020679012345679013, 0.04885361552028219, 0.037874779541446205]}","[{""valence"": 0.38487499999999997, ""arousal"": 0.716375, ""dominance"": 0.571875}, {""valence"": 0.35899999999999993, ""arousal"": 0.6208333333333332, ""dominance"": 0.5883333333333333}, {""valence"": 0.716578947368421, ""arousal"": 0.4683684210526316, ""dominance"": 0.5780526315789473}, {""valence"": 0.7417272727272728, ""arousal"": 0.45436363636363636, ""dominance"": 0.6010909090909092}, {""valence"": 0.6087999999999999, ""arousal"": 0.5694000000000001, ""dominance"": 0.5182}, {""valence"": 0.46449999999999997, ""arousal"": 0.46299999999999997, ""dominance"": 0.40125}, {""valence"": 0.839923076923077, ""arousal"": 0.506, ""dominance"": 0.611076923076923}, {""valence"": 0.23971428571428569, ""arousal"": 0.6724285714285713, ""dominance"": 0.46985714285714286}]"
31,2022-05-21 02:48:08+00:00,"{""valence"": 0.6723740896358545, ""arousal"": 0.4511208683473389, ""dominance"": 0.5619983193277311, ""emotion"": [0.041176470588235294, 0.014705882352941176, 0.08725490196078432, 0.05798319327731092, 0.0, 0.041176470588235294, 0.029411764705882353, 0.0]}","[{""valence"": 0.4315, ""arousal"": 0.4805, ""dominance"": 0.45199999999999996}, {""valence"": 0.427, ""arousal"": 0.275, ""dominance"": 0.441}, {""valence"": 0.5955999999999999, ""arousal"": 0.5641999999999999, ""dominance"": 0.5349999999999999}, {""valence"": 0.643, ""arousal"": 0.4328, ""dominance"": 0.6382}, {""valence"": 0, ""arousal"": 0, ""dominance"": 0}, {""valence"": 0.20766666666666667, ""arousal"": 0.5419999999999999, ""dominance"": 0.3373333333333333}, {""valence"": 0.938, ""arousal"": 0.76, ""dominance"": 0.74}, {""valence"": 0, ""arousal"": 0, ""dominance"": 0}]"
32,2022-05-23 03:21:02+00:00,"{""valence"": 0.6543083607006019, ""arousal"": 0.4654641625615763, ""dominance"": 0.564438519430761, ""emotion"": [0.008620689655172414, 0.05205254515599343, 0.0658456486042693, 0.12911877394636015, 0.021264367816091954, 0.04712643678160919, 0.06091954022988505, 0.008620689655172414]}","[{""valence"": 0.135, ""arousal"": 0.865, ""dominance"": 0.667}, {""valence"": 0.5306666666666667, ""arousal"": 0.5853333333333334, ""dominance"": 0.49583333333333335}, {""valence"": 0.741, ""arousal"": 0.4795555555555555, ""dominance"": 0.5558888888888889}, {""valence"": 0.6962142857142858, ""arousal"": 0.5060714285714285, ""dominance"": 0.6063571428571429}, {""valence"": 0.6143333333333333, ""arousal"": 0.627, ""dominance"": 0.632}, {""valence"": 0.38083333333333336, ""arousal"": 0.43116666666666664, ""dominance"": 0.32016666666666665}, {""valence"": 0.8038571428571428, ""arousal"": 0.5444285714285716, ""dominance"": 0.5854285714285714}, {""valence"": 0.208, ""arousal"": 0.689, ""dominance"": 0.342}]"
33,2022-05-25 13:11:20+00:00,"{""valence"": 0.6203719755469755, ""arousal"": 0.4523226190476191, ""dominance"": 0.5698530244530244, ""emotion"": [0.03275418275418276, 0.03925353925353925, 0.10862290862290862, 0.17908622908622912, 0.05881595881595881, 0.01673101673101673, 0.07345559845559846, 0.010617760617760617]}","[{""valence"": 0.2342857142857143, ""arousal"": 0.782, ""dominance"": 0.6314285714285715}, {""valence"": 0.3992857142857142, ""arousal"": 0.7674285714285715, ""dominance"": 0.6050000000000001}, {""valence"": 0.7889999999999999, ""arousal"": 0.5013076923076923, ""dominance"": 0.6115384615384616}, {""valence"": 0.6868421052631578, ""arousal"": 0.45952631578947367, ""dominance"": 0.6387894736842105}, {""valence"": 0.834, ""arousal"": 0.5028, ""dominance"": 0.6608}, {""valence"": 0.12966666666666668, ""arousal"": 0.519, ""dominance"": 0.31333333333333335}, {""valence"": 0.9301250000000001, ""arousal"": 0.53125, ""dominance"": 0.6605000000000001}, {""valence"": 0.2805, ""arousal"": 0.7115, ""dominance"": 0.5135000000000001}]"
34,2022-05-27 00:01:18+00:00,"{""valence"": 0.6719590740740741, ""arousal"": 0.42926814814814823, ""dominance"": 0.5730740740740742, ""emotion"": [0.027407407407407405, 0.040370370370370376, 0.07407407407407408, 0.1162962962962963, 0.05555555555555555, 0.023703703703703703, 0.06296296296296296, 0.04407407407407407]}","[{""valence"": 0.23499999999999996, ""arousal"": 0.6412000000000001, ""dominance"": 0.41579999999999995}, {""valence"": 0.2016, ""arousal"": 0.5762, ""dominance"": 0.4537999999999999}, {""valence"": 0.848, ""arousal"": 0.533, ""dominance"": 0.6726666666666666}, {""valence"": 0.7432727272727273, ""arousal"": 0.501909090909091, ""dominance"": 0.6626363636363636}, {""valence"": 0.9066666666666666, ""arousal"": 0.44799999999999995, ""dominance"": 0.6316666666666667}, {""valence"": 0.17300000000000001, ""arousal"": 0.5603333333333333, ""dominance"": 0.38466666666666666}, {""valence"": 0.8821999999999999, ""arousal"": 0.48200000000000004, ""dominance"": 0.6704000000000001}, {""valence"": 0.21275, ""arousal"": 0.5495, ""dominance"": 0.308}]"
35,2022-05-28 00:01:38+00:00,"{""valence"": 0.6391271904761906, ""arousal"": 0.45832344444444445, ""dominance"": 0.5633490952380952, ""emotion"": [0.022222222222222223, 0.07149206349206348, 0.07055555555555554, 0.05277777777777778, 0.047222222222222214, 0.010158730158730159, 0.05277777777777778, 0.0]}","[{""valence"": 0.249, ""arousal"": 0.7549999999999999, ""dominance"": 0.449}, {""valence"": 0.34540000000000004, ""arousal"": 0.6446, ""dominance"": 0.4826}, {""valence"": 0.859375, ""arousal"": 0.382, ""dominance"": 0.580375}, {""valence"": 0.9151666666666666, ""arousal"": 0.4088333333333333, ""dominance"": 0.5771666666666667}, {""valence"": 0.8368333333333333, ""arousal"": 0.39116666666666666, ""dominance"": 0.5375}, {""valence"": 0.08199999999999999, ""arousal"": 0.5855, ""dominance"": 0.2955}, {""valence"": 0.9151666666666666, ""arousal"": 0.4088333333333333, ""dominance"": 0.5771666666666667}, {""valence"": 0, ""arousal"": 0, ""dominance"": 0}]"
36,2022-05-29 13:25:51+00:00,"{""valence"": 0.6297963403880069, ""arousal"": 0.5045791446208114, ""dominance"": 0.556201807760141, ""emotion"": [0.013888888888888888, 0.05277777777777778, 0.15061728395061727, 0.1015873015873016, 0.036111111111111115, 0.013888888888888888, 0.10092592592592592, 0.06944444444444445]}","[{""valence"": 0.031, ""arousal"": 0.72, ""dominance"": 0.472}, {""valence"": 0.46125000000000005, ""arousal"": 0.703, ""dominance"": 0.579}, {""valence"": 0.7419999999999999, ""arousal"": 0.5368, ""dominance"": 0.5868}, {""valence"": 0.8176249999999999, ""arousal"": 0.47224999999999995, ""dominance"": 0.7225}, {""valence"": 0.58, ""arousal"": 0.576, ""dominance"": 0.572}, {""valence"": 0.031, ""arousal"": 0.72, ""dominance"": 0.472}, {""valence"": 0.9161666666666667, ""arousal"": 0.5695, ""dominance"": 0.6848333333333333}, {""valence"": 0.14550000000000002, ""arousal"": 0.69, ""dominance"": 0.437}]"
37,2022-05-30 00:15:10+00:00,"{""valence"": 0.6248740418118468, ""arousal"": 0.42431587301587287, ""dominance"": 0.5360405826558267, ""emotion"": [0.005758807588075881, 0.02710027100271003, 0.07012195121951219, 0.051626016260162604, 0.03048780487804878, 0.024661246612466124, 0.04857723577235772, 0.01978319783197832]}","[{""valence"": 0.4845, ""arousal"": 0.6165, ""dominance"": 0.6}, {""valence"": 0.25633333333333336, ""arousal"": 0.47733333333333333, ""dominance"": 0.28400000000000003}, {""valence"": 0.7971428571428572, ""arousal"": 0.4751428571428571, ""dominance"": 0.6121428571428572}, {""valence"": 0.8791428571428571, ""arousal"": 0.4445714285714285, ""dominance"": 0.6902857142857143}, {""valence"": 0.8759999999999999, ""arousal"": 0.54975, ""dominance"": 0.6085}, {""valence"": 0.33725, ""arousal"": 0.45325, ""dominance"": 0.31375}, {""valence"": 0.9118333333333334, ""arousal"": 0.46316666666666667, ""dominance"": 0.7023333333333333}, {""valence"": 0.36466666666666664, ""arousal"": 0.4503333333333333, ""dominance"": 0.33499999999999996}]"
38,2022-06-01 00:10:48+00:00,"{""valence"": 0.6190438881294145, ""arousal"": 0.4394633458646617, ""dominance"": 0.5708458361813625, ""emotion"": [0.04479949874686716, 0.017543859649122806, 0.06658692185007975, 0.07903280929596718, 0.039473684210526314, 0.0, 0.04864433811802232, 0.013157894736842105]}","[{""valence"": 0.43025, ""arousal"": 0.5744999999999999, ""dominance"": 0.50975}, {""valence"": 0.5, ""arousal"": 0.72, ""dominance"": 0.333}, {""valence"": 0.6958333333333334, ""arousal"": 0.5301666666666667, ""dominance"": 0.5998333333333333}, {""valence"": 0.7277142857142858, ""arousal"": 0.4304285714285713, ""dominance"": 0.5814285714285715}, {""valence"": 0.7709999999999999, ""arousal"": 0.5770000000000001, ""dominance"": 0.4683333333333333}, {""valence"": 0, ""arousal"": 0, ""dominance"": 0}, {""valence"": 0.81, ""arousal"": 0.5067499999999999, ""dominance"": 0.53725}, {""valence"": 0.15, ""arousal"": 0.774, ""dominance"": 0.417}]"
39,2022-06-03 00:52:57+00:00,"{""valence"": 0.6269197154471545, ""arousal"": 0.49564038908246216, ""dominance"": 0.5588121273712736, ""emotion"": [0.07733255903987611, 0.0453929539295393, 0.04451219512195122, 0.10378435927216415, 0.054732868757259, 0.05903987611304684, 0.06692799070847852, 0.03726287262872629]}","[{""valence"": 0.1997142857142857, ""arousal"": 0.6798571428571428, ""dominance"": 0.46}, {""valence"": 0.16875, ""arousal"": 0.68825, ""dominance"": 0.48824999999999996}, {""valence"": 0.6746666666666666, ""arousal"": 0.4138333333333333, ""dominance"": 0.5313333333333334}, {""valence"": 0.7889285714285715, ""arousal"": 0.4961428571428571, ""dominance"": 0.6939285714285716}, {""valence"": 0.7281666666666666, ""arousal"": 0.5675, ""dominance"": 0.6044999999999999}, {""valence"": 0.264, ""arousal"": 0.5828571428571429, ""dominance"": 0.4737142857142857}, {""valence"": 0.8185714285714285, ""arousal"": 0.5845714285714286, ""dominance"": 0.6184285714285714}, {""valence"": 0.1685, ""arousal"": 0.703, ""dominance"": 0.498}]"
40,2022-06-05 01:11:04+00:00,"{""valence"": 0.6373690362811791, ""arousal"": 0.4505817346938776, ""dominance"": 0.599706575963719, ""emotion"": [0.04098639455782313, 0.045068027210884355, 0.04952380952380952, 0.08825396825396825, 0.009523809523809523, 0.04006802721088435, 0.033333333333333326, 0.027380952380952377]}","[{""valence"": 0.16933333333333334, ""arousal"": 0.7473333333333333, ""dominance"": 0.42316666666666664}, {""valence"": 0.17871428571428574, ""arousal"": 0.7405714285714284, ""dominance"": 0.43528571428571433}, {""valence"": 0.629, ""arousal"": 0.5161666666666666, ""dominance"": 0.6286666666666667}, {""valence"": 0.7434999999999999, ""arousal"": 0.4415, ""dominance"": 0.7247499999999999}, {""valence"": 0.245, ""arousal"": 0.843, ""dominance"": 0.653}, {""valence"": 0.1795, ""arousal"": 0.6669999999999999, ""dominance"": 0.33466666666666667}, {""valence"": 0.91, ""arousal"": 0.45, ""dominance"": 0.7566666666666667}, {""valence"": 0.15375, ""arousal"": 0.6995, ""dominance"": 0.39125}]"
41,2022-06-09 16:24:37+00:00,"{""valence"": 0.6263633246753245, ""arousal"": 0.49822419913419913, ""dominance"": 0.5688222597402597, ""emotion"": [0.04847619047619048, 0.05076190476190476, 0.10400000000000001, 0.17971428571428572, 0.014666666666666668, 0.030857142857142854, 0.08933333333333333, 0.0]}","[{""valence"": 0.135, ""arousal"": 0.8083333333333335, ""dominance"": 0.5101666666666668}, {""valence"": 0.10883333333333334, ""arousal"": 0.7938333333333333, ""dominance"": 0.4661666666666667}, {""valence"": 0.855625, ""arousal"": 0.573125, ""dominance"": 0.6389999999999999}, {""valence"": 0.7799999999999999, ""arousal"": 0.4783076923076922, ""dominance"": 0.7091538461538461}, {""valence"": 0.9325, ""arousal"": 0.3425, ""dominance"": 0.6365000000000001}, {""valence"": 0.1202, ""arousal"": 0.7475999999999999, ""dominance"": 0.40700000000000003}, {""valence"": 0.9068571428571428, ""arousal"": 0.595, ""dominance"": 0.6757142857142856}, {""valence"": 0, ""arousal"": 0, ""dominance"": 0}]"
42,2022-06-11 00:40:32+00:00,"{""valence"": 0.6374547008547007, ""arousal"": 0.49581495726495733, ""dominance"": 0.5604564102564102, ""emotion"": [0.11153846153846153, 0.10811965811965811, 0.08974358974358973, 0.06965811965811966, 0.038461538461538464, 0.023504273504273508, 0.07692307692307693, 0.057692307692307696]}","[{""valence"": 0.47316666666666674, ""arousal"": 0.6789999999999999, ""dominance"": 0.6469999999999999}, {""valence"": 0.375, ""arousal"": 0.6406000000000001, ""dominance"": 0.5652}, {""valence"": 0.6628000000000001, ""arousal"": 0.34080000000000005, ""dominance"": 0.5237999999999999}, {""valence"": 0.78525, ""arousal"": 0.38225, ""dominance"": 0.6419999999999999}, {""valence"": 0.938, ""arousal"": 0.368, ""dominance"": 0.534}, {""valence"": 0.1825, ""arousal"": 0.6015, ""dominance"": 0.385}, {""valence"": 0.8959999999999999, ""arousal"": 0.49933333333333335, ""dominance"": 0.5810000000000001}, {""valence"": 0.34, ""arousal"": 0.62, ""dominance"": 0.3633333333333333}]"
43,2022-06-13 06:36:15+00:00,"{""valence"": 0.6444687824328448, ""arousal"": 0.42525105311355316, ""dominance"": 0.5615312003968254, ""emotion"": [0.04568452380952381, 0.036755952380952375, 0.13320550976800977, 0.0959077380952381, 0.06696428571428571, 0.03990384615384615, 0.0763621794871795, 0.0234375]}","[{""valence"": 0.29614285714285715, ""arousal"": 0.7057142857142856, ""dominance"": 0.4925714285714286}, {""valence"": 0.1748, ""arousal"": 0.72, ""dominance"": 0.4346}, {""valence"": 0.7268749999999999, ""arousal"": 0.4094375, ""dominance"": 0.6333749999999999}, {""valence"": 0.7404444444444445, ""arousal"": 0.38466666666666666, ""dominance"": 0.588888888888889}, {""valence"": 0.65475, ""arousal"": 0.528375, ""dominance"": 0.54}, {""valence"": 0.3541666666666667, ""arousal"": 0.5935, ""dominance"": 0.5026666666666667}, {""valence"": 0.8181250000000001, ""arousal"": 0.500625, ""dominance"": 0.6807500000000001}, {""valence"": 0.569, ""arousal"": 0.574, ""dominance"": 0.6156666666666667}]"
44,2022-06-16 00:37:42+00:00,"{""valence"": 0.6475714285714286, ""arousal"": 0.471736, ""dominance"": 0.5252687619047618, ""emotion"": [0.04, 0.08238095238095237, 0.1560952380952381, 0.2180952380952381, 0.04666666666666666, 0.0, 0.13238095238095238, 0.0]}","[{""valence"": 0.434, ""arousal"": 0.75, ""dominance"": 0.5595}, {""valence"": 0.4786, ""arousal"": 0.6529999999999999, ""dominance"": 0.5227999999999999}, {""valence"": 0.7229999999999999, ""arousal"": 0.52775, ""dominance"": 0.5510833333333333}, {""valence"": 0.7679090909090909, ""arousal"": 0.3733636363636363, ""dominance"": 0.5755454545454546}, {""valence"": 0.9380000000000001, ""arousal"": 0.36800000000000005, ""dominance"": 0.534}, {""valence"": 0, ""arousal"": 0, ""dominance"": 0}, {""valence"": 0.9064999999999999, ""arousal"": 0.4164999999999999, ""dominance"": 0.5938333333333333}, {""valence"": 0, ""arousal"": 0, ""dominance"": 0}]"
45,2022-06-18 00:53:38+00:00,"{""valence"": 0.6428977777777778, ""arousal"": 0.44291027777777775, ""dominance"": 0.5659459722222223, ""emotion"": [0.043055555555555555, 0.05138888888888889, 0.04305555555555555, 0.07638888888888888, 0.016666666666666666, 0.025, 0.034722222222222224, 0.04375]}","[{""valence"": 0.4563333333333334, ""arousal"": 0.8253333333333334, ""dominance"": 0.7360000000000001}, {""valence"": 0.4166, ""arousal"": 0.5244, ""dominance"": 0.6501999999999999}, {""valence"": 0.71875, ""arousal"": 0.479, ""dominance"": 0.55375}, {""valence"": 0.8253333333333334, ""arousal"": 0.5216666666666666, ""dominance"": 0.7293333333333333}, {""valence"": 0.823, ""arousal"": 0.347, ""dominance"": 0.661}, {""valence"": 0.25, ""arousal"": 0.5855, ""dominance"": 0.6859999999999999}, {""valence"": 0.8623333333333333, ""arousal"": 0.5776666666666667, ""dominance"": 0.6653333333333333}, {""valence"": 0.2906666666666667, ""arousal"": 0.4876666666666667, ""dominance"": 0.428}]"
46,2022-06-19 05:08:46+00:00,"{""valence"": 0.7103805555555555, ""arousal"": 0.46174960317460306, ""dominance"": 0.5719138888888889, ""emotion"": [0.011904761904761904, 0.005952380952380952, 0.05952380952380952, 0.1781746031746032, 0.02976190476190476, 0.03571428571428571, 0.11071428571428572, 0.011904761904761904]}","[{""valence"": 0.51, ""arousal"": 0.52, ""dominance"": 0.33}, {""valence"": 0.5, ""arousal"": 0.39, ""dominance"": 0.422}, {""valence"": 0.8473333333333333, ""arousal"": 0.46366666666666667, ""dominance"": 0.6383333333333333}, {""valence"": 0.788, ""arousal"": 0.5233, ""dominance"": 0.7201}, {""valence"": 0.889, ""arousal"": 0.439, ""dominance"": 0.6930000000000001}, {""valence"": 0.2936666666666667, ""arousal"": 0.33, ""dominance"": 0.29266666666666663}, {""valence"": 0.9438333333333332, ""arousal"": 0.5401666666666666, ""dominance"": 0.6991666666666667}, {""valence"": 0.51, ""arousal"": 0.52, ""dominance"": 0.33}]"
47,2022-06-21 15:53:59+00:00,"{""valence"": 0.654753434065934, ""arousal"": 0.4414383241758241, ""dominance"": 0.5611643315018315, ""emotion"": [0.044871794871794865, 0.03525641025641025, 0.17000915750915752, 0.16643772893772896, 0.07179487179487179, 0.031135531135531136, 0.13956043956043956, 0.01282051282051282]}","[{""valence"": 0.6993333333333333, ""arousal"": 0.34833333333333333, ""dominance"": 0.551}, {""valence"": 0.591, ""arousal"": 0.36025, ""dominance"": 0.53625}, {""valence"": 0.8276, ""arousal"": 0.5794, ""dominance"": 0.631}, {""valence"": 0.6648181818181819, ""arousal"": 0.42300000000000004, ""dominance"": 0.5578181818181819}, {""valence"": 0.82375, ""arousal"": 0.51025, ""dominance"": 0.57225}, {""valence"": 0.5306666666666666, ""arousal"": 0.4186666666666667, ""dominance"": 0.48400000000000004}, {""valence"": 0.8895555555555555, ""arousal"": 0.5878888888888888, ""dominance"": 0.6903333333333334}, {""valence"": 0.806, ""arousal"": 0.329, ""dominance"": 0.531}]"
48,2022-07-06 02:42:10+00:00,"{""valence"": 0.6176824244751663, ""arousal"": 0.4700170600009309, ""dominance"": 0.5755519212865988, ""emotion"": [0.027126099706744865, 0.06529814271749755, 0.048745519713261645, 0.10498068240003723, 0.019354838709677424, 0.02150537634408602, 0.03637992831541219, 0.03763440860215054]}","[{""valence"": 0.49450000000000005, ""arousal"": 0.61475, ""dominance"": 0.6400000000000001}, {""valence"": 0.5375, ""arousal"": 0.6678000000000001, ""dominance"": 0.6519}, {""valence"": 0.752125, ""arousal"": 0.484875, ""dominance"": 0.576375}, {""valence"": 0.7749333333333334, ""arousal"": 0.5009333333333333, ""dominance"": 0.6844666666666668}, {""valence"": 0.649, ""arousal"": 0.505, ""dominance"": 0.5459999999999999}, {""valence"": 0.09566666666666668, ""arousal"": 0.601, ""dominance"": 0.4206666666666667}, {""valence"": 0.8003333333333332, ""arousal"": 0.5351666666666667, ""dominance"": 0.6018333333333333}, {""valence"": 0.16749999999999998, ""arousal"": 0.6285000000000001, ""dominance"": 0.358}]"
49,2022-07-08 00:48:09+00:00,"{""valence"": 0.6078198833573834, ""arousal"": 0.5202772186147185, ""dominance"": 0.5910775793650793, ""emotion"": [0.10370370370370369, 0.11296296296296296, 0.03468013468013468, 0.1420875420875421, 0.03973063973063973, 0.08703703703703704, 0.03468013468013468, 0.06986531986531987]}","[{""valence"": 0.21879999999999997, ""arousal"": 0.8635999999999999, ""dominance"": 0.5334000000000001}, {""valence"": 0.2505714285714286, ""arousal"": 0.8099999999999999, ""dominance"": 0.581857142857143}, {""valence"": 0.9233333333333332, ""arousal"": 0.3993333333333333, ""dominance"": 0.591}, {""valence"": 0.803875, ""arousal"": 0.466375, ""dominance"": 0.688375}, {""valence"": 0.7189999999999999, ""arousal"": 0.56175, ""dominance"": 0.5900000000000001}, {""valence"": 0.1324, ""arousal"": 0.6868000000000001, ""dominance"": 0.38039999999999996}, {""valence"": 0.8873333333333333, ""arousal"": 0.4413333333333333, ""dominance"": 0.6190000000000001}, {""valence"": 0.15500000000000003, ""arousal"": 0.75175, ""dominance"": 0.40775}]"
50,2022-07-12 01:10:39+00:00,"{""valence"": 0.6353546176046175, ""arousal"": 0.4589713938325049, ""dominance"": 0.556931294425739, ""emotion"": [0.026734273956496177, 0.00940623162845385, 0.04885361552028219, 0.08096841430174762, 0.03439153439153439, 0.01403586125808348, 0.03952220618887286, 0.00992063492063492]}","[{""valence"": 0.29919999999999997, ""arousal"": 0.6828, ""dominance"": 0.49000000000000005}, {""valence"": 0.0465, ""arousal"": 0.7230000000000001, ""dominance"": 0.4225}, {""valence"": 0.7288, ""arousal"": 0.5858000000000001, ""dominance"": 0.6704}, {""valence"": 0.7671111111111111, ""arousal"": 0.49088888888888893, ""dominance"": 0.6767777777777778}, {""valence"": 0.758, ""arousal"": 0.74275, ""dominance"": 0.8330000000000001}, {""valence"": 0.050666666666666665, ""arousal"": 0.7240000000000001, ""dominance"": 0.416}, {""valence"": 0.8200000000000001, ""arousal"": 0.53775, ""dominance"": 0.6569999999999999}, {""valence"": 0.045, ""arousal"": 0.764, ""dominance"": 0.4165}]"
51,2022-07-14 00:55:33+00:00,"{""valence"": 0.6198374149659864, ""arousal"": 0.5128440476190477, ""dominance"": 0.5759791383219954, ""emotion"": [0.015873015873015872, 0.07539682539682539, 0.10561224489795917, 0.047619047619047616, 0.007936507936507936, 0.011904761904761904, 0.06507936507936508, 0.0]}","[{""valence"": 0.664, ""arousal"": 0.824, ""dominance"": 0.774}, {""valence"": 0.4336666666666667, ""arousal"": 0.8113333333333334, ""dominance"": 0.644}, {""valence"": 0.7505000000000001, ""arousal"": 0.58325, ""dominance"": 0.5802499999999999}, {""valence"": 0.621, ""arousal"": 0.46466666666666673, ""dominance"": 0.6233333333333333}, {""valence"": 0.458, ""arousal"": 0.708, ""dominance"": 0.512}, {""valence"": 0.327, ""arousal"": 0.296, ""dominance"": 0.258}, {""valence"": 0.7393333333333333, ""arousal"": 0.664, ""dominance"": 0.7553333333333333}, {""valence"": 0, ""arousal"": 0, ""dominance"": 0}]"
52,2022-07-16 00:19:41+00:00,"{""valence"": 0.5954296705898269, ""arousal"": 0.42478935335497836, ""dominance"": 0.5506607988365803, ""emotion"": [0.07321428571428572, 0.05963541666666666, 0.055445075757575756, 0.06744791666666666, 0.04140625, 0.0754971590909091, 0.03515625, 0.03571428571428571]}","[{""valence"": 0.20024999999999998, ""arousal"": 0.69125, ""dominance"": 0.49525}, {""valence"": 0.2846, ""arousal"": 0.5972000000000001, ""dominance"": 0.4452}, {""valence"": 0.6431666666666667, ""arousal"": 0.5275, ""dominance"": 0.5711666666666666}, {""valence"": 0.7268333333333333, ""arousal"": 0.43716666666666665, ""dominance"": 0.6591666666666667}, {""valence"": 0.6106666666666666, ""arousal"": 0.5966666666666667, ""dominance"": 0.6443333333333333}, {""valence"": 0.2484, ""arousal"": 0.5626, ""dominance"": 0.4918000000000001}, {""valence"": 0.76, ""arousal"": 0.434, ""dominance"": 0.5915}, {""valence"": 0.099, ""arousal"": 0.7045, ""dominance"": 0.402}]"
53,2022-07-22 13:07:25+00:00,"{""valence"": 0.5958720779220779, ""arousal"": 0.4570626082251082, ""dominance"": 0.5652845238095239, ""emotion"": [0.009090909090909092, 0.014772727272727272, 0.03977272727272727, 0.056060606060606054, 0.012175324675324674, 0.046590909090909086, 0.04816017316017315, 0.0]}","[{""valence"": 0.03, ""arousal"": 0.873, ""dominance"": 0.429}, {""valence"": 0.173, ""arousal"": 0.6535, ""dominance"": 0.45599999999999996}, {""valence"": 0.7746000000000001, ""arousal"": 0.5957999999999999, ""dominance"": 0.674}, {""valence"": 0.7402500000000001, ""arousal"": 0.5295, ""dominance"": 0.6944999999999999}, {""valence"": 0.683, ""arousal"": 0.8195, ""dominance"": 0.6105}, {""valence"": 0.22199999999999998, ""arousal"": 0.57325, ""dominance"": 0.52}, {""valence"": 0.8048333333333334, ""arousal"": 0.6006666666666667, ""dominance"": 0.6598333333333334}, {""valence"": 0, ""arousal"": 0, ""dominance"": 0}]"
54,2022-07-25 01:55:25+00:00,"{""valence"": 0.6003809722222222, ""arousal"": 0.4694511111111111, ""dominance"": 0.5395150000000001, ""emotion"": [0.04444444444444444, 0.02708333333333333, 0.05625, 0.14375, 0.041249999999999995, 0.04513888888888889, 0.07875, 0.017361111111111112]}","[{""valence"": 0.1636, ""arousal"": 0.8642, ""dominance"": 0.5128}, {""valence"": 0.19833333333333333, ""arousal"": 0.6549999999999999, ""dominance"": 0.5056666666666666}, {""valence"": 0.7303333333333334, ""arousal"": 0.5623333333333332, ""dominance"": 0.605}, {""valence"": 0.6678888888888889, ""arousal"": 0.4751111111111111, ""dominance"": 0.641888888888889}, {""valence"": 0.676, ""arousal"": 0.4036666666666666, ""dominance"": 0.5176666666666666}, {""valence"": 0.17720000000000002, ""arousal"": 0.6582000000000001, ""dominance"": 0.4002}, {""valence"": 0.773, ""arousal"": 0.48339999999999994, ""dominance"": 0.545}, {""valence"": 0.23833333333333337, ""arousal"": 0.6326666666666667, ""dominance"": 0.41933333333333334}]"
55,2022-07-26 04:41:41+00:00,"{""valence"": 0.6446216748768474, ""arousal"": 0.4521755336617406, ""dominance"": 0.545101724137931, ""emotion"": [0.03103448275862069, 0.05467980295566502, 0.07364532019704434, 0.05262725779967159, 0.018965517241379314, 0.029885057471264367, 0.02848932676518883, 0.013793103448275864]}","[{""valence"": 0.19366666666666665, ""arousal"": 0.8093333333333333, ""dominance"": 0.5013333333333334}, {""valence"": 0.34262499999999996, ""arousal"": 0.7024999999999999, ""dominance"": 0.5465}, {""valence"": 0.6627142857142856, ""arousal"": 0.6177142857142857, ""dominance"": 0.5710000000000001}, {""valence"": 0.7161666666666666, ""arousal"": 0.45933333333333337, ""dominance"": 0.7091666666666666}, {""valence"": 0.6356666666666667, ""arousal"": 0.6389999999999999, ""dominance"": 0.536}, {""valence"": 0.21299999999999997, ""arousal"": 0.6893333333333334, ""dominance"": 0.5253333333333333}, {""valence"": 0.8564999999999999, ""arousal"": 0.5175, ""dominance"": 0.7352500000000001}, {""valence"": 0.1645, ""arousal"": 0.732, ""dominance"": 0.546}]"
56,2022-07-30 00:09:07+00:00,"{""valence"": 0.6275438596491228, ""arousal"": 0.4176337719298246, ""dominance"": 0.5132828947368422, ""emotion"": [0.043859649122807015, 0.030701754385964907, 0.15789473684210525, 0.11403508771929827, 0.07017543859649122, 0.06359649122807016, 0.10526315789473684, 0.008771929824561403]}","[{""valence"": 0.5653333333333332, ""arousal"": 0.4566666666666667, ""dominance"": 0.5576666666666666}, {""valence"": 0.40599999999999997, ""arousal"": 0.6709999999999999, ""dominance"": 0.48466666666666663}, {""valence"": 0.7388571428571428, ""arousal"": 0.3841428571428572, ""dominance"": 0.5464285714285715}, {""valence"": 0.7638888888888888, ""arousal"": 0.4241111111111111, ""dominance"": 0.6091111111111112}, {""valence"": 0.7929999999999999, ""arousal"": 0.434, ""dominance"": 0.55}, {""valence"": 0.3638, ""arousal"": 0.5442, ""dominance"": 0.40920000000000006}, {""valence"": 0.8341666666666666, ""arousal"": 0.433, ""dominance"": 0.5683333333333334}, {""valence"": 0.41, ""arousal"": 0.615, ""dominance"": 0.491}]"
57,2022-08-02 05:15:23+00:00,"{""valence"": 0.6654003086419754, ""arousal"": 0.4611518959435626, ""dominance"": 0.5590209876543211, ""emotion"": [0.04259259259259259, 0.013580246913580249, 0.15405643738977073, 0.08888888888888889, 0.053703703703703705, 0.006172839506172839, 0.10776014109347443, 0.019753086419753086]}","[{""valence"": 0.46475, ""arousal"": 0.61225, ""dominance"": 0.5945}, {""valence"": 0.26549999999999996, ""arousal"": 0.783, ""dominance"": 0.564}, {""valence"": 0.8342857142857144, ""arousal"": 0.5400714285714285, ""dominance"": 0.6137857142857143}, {""valence"": 0.8902222222222222, ""arousal"": 0.4321111111111111, ""dominance"": 0.598}, {""valence"": 0.9441999999999998, ""arousal"": 0.3585999999999999, ""dominance"": 0.5702}, {""valence"": 0.062, ""arousal"": 0.644, ""dominance"": 0.415}, {""valence"": 0.883818181818182, ""arousal"": 0.47818181818181826, ""dominance"": 0.5829090909090909}, {""valence"": 0.536, ""arousal"": 0.451, ""dominance"": 0.3285}]"
58,2022-08-07 07:32:26+00:00,"{""valence"": 0.5796256613756614, ""arousal"": 0.4802643738977072, ""dominance"": 0.5773827601410935, ""emotion"": [0.03333333333333333, 0.04832451499118165, 0.04431216931216931, 0.13694885361552028, 0.006172839506172839, 0.019753086419753086, 0.013580246913580249, 0.012345679012345678]}","[{""valence"": 0.18300000000000002, ""arousal"": 0.7610000000000001, ""dominance"": 0.496}, {""valence"": 0.30350000000000005, ""arousal"": 0.7060000000000001, ""dominance"": 0.5991666666666666}, {""valence"": 0.6321666666666667, ""arousal"": 0.5255, ""dominance"": 0.5545}, {""valence"": 0.6335833333333333, ""arousal"": 0.5414166666666667, ""dominance"": 0.6852499999999999}, {""valence"": 0.719, ""arousal"": 0.599, ""dominance"": 0.543}, {""valence"": 0.3095, ""arousal"": 0.5770000000000001, ""dominance"": 0.7124999999999999}, {""valence"": 0.8085, ""arousal"": 0.6795, ""dominance"": 0.7195}, {""valence"": 0.459, ""arousal"": 0.343, ""dominance"": 0.712}]"
59,2022-08-12 04:14:03+00:00,"{""valence"": 0.6183621428571431, ""arousal"": 0.42802813492063485, ""dominance"": 0.5527615873015873, ""emotion"": [0.041666666666666664, 0.034999999999999996, 0.12833333333333335, 0.15325396825396825, 0.030555555555555558, 0.0, 0.0611111111111111, 0.043333333333333335]}","[{""valence"": 0.542, ""arousal"": 0.8083333333333332, ""dominance"": 0.7346666666666666}, {""valence"": 0.6283333333333334, ""arousal"": 0.734, ""dominance"": 0.7376666666666667}, {""valence"": 0.7330909090909091, ""arousal"": 0.49581818181818177, ""dominance"": 0.6674545454545454}, {""valence"": 0.7803636363636364, ""arousal"": 0.48900000000000005, ""dominance"": 0.6924545454545453}, {""valence"": 0.7256666666666667, ""arousal"": 0.5356666666666666, ""dominance"": 0.6743333333333333}, {""valence"": 0, ""arousal"": 0, ""dominance"": 0}, {""valence"": 0.8596666666666666, ""arousal"": 0.555, ""dominance"": 0.7093333333333334}, {""valence"": 0.6003333333333334, ""arousal"": 0.6163333333333333, ""dominance"": 0.5973333333333333}]"
60,2022-08-17 00:00:36+00:00,"{""valence"": 0.661765975422427, ""arousal"": 0.46699454685099845, ""dominance"": 0.5614485407066055, ""emotion"": [0.008064516129032258, 0.04435483870967742, 0.09600614439324116, 0.1013440860215054, 0.009677419354838712, 0.02315668202764977, 0.016129032258064516, 0.008064516129032258]}","[{""valence"": 0.46, ""arousal"": 0.457, ""dominance"": 0.315}, {""valence"": 0.45250000000000007, ""arousal"": 0.5466666666666667, ""dominance"": 0.49700000000000005}, {""valence"": 0.6750666666666665, ""arousal"": 0.45980000000000004, ""dominance"": 0.5624666666666668}, {""valence"": 0.7789999999999999, ""arousal"": 0.452, ""dominance"": 0.7282727272727274}, {""valence"": 0.9075, ""arousal"": 0.384, ""dominance"": 0.6075}, {""valence"": 0.30324999999999996, ""arousal"": 0.62675, ""dominance"": 0.45625}, {""valence"": 0.9316666666666666, ""arousal"": 0.413, ""dominance"": 0.695}, {""valence"": 0.46, ""arousal"": 0.457, ""dominance"": 0.315}]"
61,2022-08-20 01:52:26+00:00,"{""valence"": 0.6558155952380953, ""arousal"": 0.4461006547619048, ""dominance"": 0.5676970238095239, ""emotion"": [0.01, 0.034999999999999996, 0.05500000000000001, 0.08172619047619048, 0.0, 0.08875, 0.028749999999999998, 0.0]}","[{""valence"": 0.186, ""arousal"": 0.47750000000000004, ""dominance"": 0.37}, {""valence"": 0.49825, ""arousal"": 0.37124999999999997, ""dominance"": 0.49850000000000005}, {""valence"": 0.7253333333333334, ""arousal"": 0.5423333333333332, ""dominance"": 0.6766666666666666}, {""valence"": 0.6493333333333333, ""arousal"": 0.5621666666666667, ""dominance"": 0.7028333333333333}, {""valence"": 0, ""arousal"": 0, ""dominance"": 0}, {""valence"": 0.4192857142857143, ""arousal"": 0.3854285714285714, ""dominance"": 0.4601428571428571}, {""valence"": 0.8993333333333333, ""arousal"": 0.6813333333333333, ""dominance"": 0.8313333333333333}, {""valence"": 0, ""arousal"": 0, ""dominance"": 0}]"
62,2022-08-24 05:42:21+00:00,"{""valence"": 0.6062500721500723, ""arousal"": 0.49444145021645025, ""dominance"": 0.5624708513708514, ""emotion"": [0.0981060606060606, 0.12083333333333335, 0.07043650793650794, 0.09424603174603173, 0.022727272727272728, 0.127020202020202, 0.08621933621933621, 0.009595959595959595]}","[{""valence"": 0.20850000000000002, ""arousal"": 0.5668333333333333, ""dominance"": 0.3668333333333333}, {""valence"": 0.32845454545454544, ""arousal"": 0.6116363636363636, ""dominance"": 0.3785454545454546}, {""valence"": 0.5733333333333334, ""arousal"": 0.593111111111111, ""dominance"": 0.5167777777777779}, {""valence"": 0.7483333333333333, ""arousal"": 0.45222222222222225, ""dominance"": 0.6438888888888891}, {""valence"": 0.938, ""arousal"": 0.368, ""dominance"": 0.534}, {""valence"": 0.16128571428571425, ""arousal"": 0.5442857142857143, ""dominance"": 0.32171428571428573}, {""valence"": 0.8152000000000001, ""arousal"": 0.5516, ""dominance"": 0.629}, {""valence"": 0.16649999999999998, ""arousal"": 0.657, ""dominance"": 0.35750000000000004}]"
63,2022-08-27 01:33:14+00:00,"{""valence"": 0.6231424761904762, ""arousal"": 0.4118981269841269, ""dominance"": 0.5361864444444445, ""emotion"": [0.006666666666666666, 0.037333333333333336, 0.1548253968253968, 0.11736507936507938, 0.062380952380952384, 0.04971428571428572, 0.11498412698412701, 0.026666666666666665]}","[{""valence"": 0.592, ""arousal"": 0.774, ""dominance"": 0.679}, {""valence"": 0.4418, ""arousal"": 0.5105999999999999, ""dominance"": 0.5034000000000001}, {""valence"": 0.7364999999999999, ""arousal"": 0.4288333333333334, ""dominance"": 0.5751666666666666}, {""valence"": 0.7955, ""arousal"": 0.46128571428571435, ""dominance"": 0.6279285714285715}, {""valence"": 0.7712, ""arousal"": 0.4516, ""dominance"": 0.5715999999999999}, {""valence"": 0.3536, ""arousal"": 0.3888, ""dominance"": 0.404}, {""valence"": 0.8186153846153847, ""arousal"": 0.47076923076923083, ""dominance"": 0.6309230769230769}, {""valence"": 0.38566666666666666, ""arousal"": 0.5676666666666667, ""dominance"": 0.49}]"
64,2022-08-30 08:38:06+00:00,"{""valence"": 0.6118333333333333, ""arousal"": 0.426271568627451, ""dominance"": 0.5634460784313726, ""emotion"": [0.0, 0.00980392156862745, 0.1088235294117647, 0.21176470588235294, 0.09019607843137255, 0.00980392156862745, 0.08431372549019608, 0.0]}","[{""valence"": 0, ""arousal"": 0, ""dominance"": 0}, {""valence"": 0.711, ""arousal"": 0.333, ""dominance"": 0.345}, {""valence"": 0.7354, ""arousal"": 0.5481999999999999, ""dominance"": 0.6322}, {""valence"": 0.772888888888889, ""arousal"": 0.49944444444444447, ""dominance"": 0.7114444444444445}, {""valence"": 0.7986666666666666, ""arousal"": 0.513, ""dominance"": 0.6466666666666666}, {""valence"": 0.711, ""arousal"": 0.333, ""dominance"": 0.345}, {""valence"": 0.872, ""arousal"": 0.501, ""dominance"": 0.7173333333333334}, {""valence"": 0, ""arousal"": 0, ""dominance"": 0}]"
65,2022-09-05 16:16:41+00:00,"{""valence"": 0.6448847442680775, ""arousal"": 0.4469740850970018, ""dominance"": 0.5606596560846561, ""emotion"": [0.03417107583774251, 0.04825837742504409, 0.08737874779541448, 0.09593253968253967, 0.08082010582010582, 0.041501322751322754, 0.07966269841269842, 0.016038359788359786]}","[{""valence"": 0.30300000000000005, ""arousal"": 0.557, ""dominance"": 0.43724999999999997}, {""valence"": 0.3393333333333333, ""arousal"": 0.6111111111111112, ""dominance"": 0.5095555555555555}, {""valence"": 0.7421666666666668, ""arousal"": 0.42991666666666667, ""dominance"": 0.6405}, {""valence"": 0.7374666666666665, ""arousal"": 0.4296, ""dominance"": 0.6475333333333333}, {""valence"": 0.6583636363636364, ""arousal"": 0.4161818181818182, ""dominance"": 0.5146363636363636}, {""valence"": 0.2977142857142857, ""arousal"": 0.5067142857142858, ""dominance"": 0.4034285714285714}, {""valence"": 0.8292999999999999, ""arousal"": 0.4250999999999999, ""dominance"": 0.642}, {""valence"": 0.37625, ""arousal"": 0.36824999999999997, ""dominance"": 0.36274999999999996}]"
66,2022-09-09 04:15:27+00:00,"{""valence"": 0.5833241622574955, ""arousal"": 0.43151369782480886, ""dominance"": 0.5011148148148148, ""emotion"": [0.018518518518518517, 0.023868312757201644, 0.1164021164021164, 0.10493827160493828, 0.03497942386831276, 0.019547325102880656, 0.043209876543209874, 0.012345679012345678]}","[{""valence"": 0.434, ""arousal"": 0.667, ""dominance"": 0.468}, {""valence"": 0.31174999999999997, ""arousal"": 0.49775, ""dominance"": 0.333}, {""valence"": 0.6895555555555556, ""arousal"": 0.4055555555555555, ""dominance"": 0.5261111111111112}, {""valence"": 0.7217272727272728, ""arousal"": 0.3918181818181818, ""dominance"": 0.5822727272727273}, {""valence"": 0.6823333333333333, ""arousal"": 0.38600000000000007, ""dominance"": 0.451}, {""valence"": 0.25366666666666665, ""arousal"": 0.47633333333333333, ""dominance"": 0.25033333333333335}, {""valence"": 0.882, ""arousal"": 0.44333333333333336, ""dominance"": 0.5283333333333334}, {""valence"": 0.245, ""arousal"": 0.505, ""dominance"": 0.20400000000000001}]"
67,2022-09-13 00:16:11+00:00,"{""valence"": 0.6166065217391304, ""arousal"": 0.45431884057971017, ""dominance"": 0.491468115942029, ""emotion"": [0.021739130434782608, 0.043478260869565216, 0.09710144927536232, 0.17391304347826086, 0.021739130434782608, 0.043478260869565216, 0.06521739130434782, 0.021739130434782608]}","[{""valence"": 0.125, ""arousal"": 0.625, ""dominance"": 0.373}, {""valence"": 0.0935, ""arousal"": 0.6645, ""dominance"": 0.299}, {""valence"": 0.7093333333333334, ""arousal"": 0.46549999999999997, ""dominance"": 0.5546666666666666}, {""valence"": 0.6770000000000002, ""arousal"": 0.5385714285714286, ""dominance"": 0.5858571428571429}, {""valence"": 0.938, ""arousal"": 0.368, ""dominance"": 0.534}, {""valence"": 0.0935, ""arousal"": 0.6645, ""dominance"": 0.299}, {""valence"": 0.7756666666666666, ""arousal"": 0.49066666666666664, ""dominance"": 0.5623333333333335}, {""valence"": 0.125, ""arousal"": 0.625, ""dominance"": 0.373}]"
68,2022-09-16 21:23:35+00:00,"{""valence"": 0.6088177142857143, ""arousal"": 0.45709142857142865, ""dominance"": 0.5708930952380952, ""emotion"": [0.016, 0.03933333333333334, 0.08333333333333331, 0.14238095238095239, 0.06799999999999999, 0.038, 0.08333333333333331, 0.021333333333333333]}","[{""valence"": 0.16449999999999998, ""arousal"": 0.8965000000000001, ""dominance"": 0.646}, {""valence"": 0.29425, ""arousal"": 0.8300000000000001, ""dominance"": 0.6035}, {""valence"": 0.7859999999999999, ""arousal"": 0.4331666666666667, ""dominance"": 0.5983333333333333}, {""valence"": 0.7534444444444444, ""arousal"": 0.4062222222222222, ""dominance"": 0.6956666666666667}, {""valence"": 0.8674, ""arousal"": 0.4098, ""dominance"": 0.5596}, {""valence"": 0.1635, ""arousal"": 0.5445000000000001, ""dominance"": 0.27}, {""valence"": 0.7859999999999999, ""arousal"": 0.4331666666666667, ""dominance"": 0.5983333333333333}, {""valence"": 0.186, ""arousal"": 0.5305, ""dominance"": 0.349}]"
69,2022-09-20 02:39:18+00:00,"{""valence"": 0.5958785978835979, ""arousal"": 0.44372574074074084, ""dominance"": 0.540495634920635, ""emotion"": [0.01111111111111111, 0.016666666666666666, 0.08259259259259259, 0.12222222222222222, 0.04166666666666666, 0.03333333333333333, 0.075, 0.06666666666666667]}","[{""valence"": 0.844, ""arousal"": 0.608, ""dominance"": 0.827}, {""valence"": 0.427, ""arousal"": 0.53, ""dominance"": 0.85}, {""valence"": 0.8272857142857142, ""arousal"": 0.5934285714285714, ""dominance"": 0.6788571428571428}, {""valence"": 0.8186, ""arousal"": 0.48249999999999993, ""dominance"": 0.6992}, {""valence"": 0.80225, ""arousal"": 0.6319999999999999, ""dominance"": 0.612}, {""valence"": 0.199, ""arousal"": 0.434, ""dominance"": 0.361}, {""valence"": 0.8607142857142857, ""arousal"": 0.6181428571428571, ""dominance"": 0.6765714285714287}, {""valence"": 0.07, ""arousal"": 0.6153333333333334, ""dominance"": 0.25266666666666665}]"
70,2022-09-22 15:16:36+00:00,"{""valence"": 0.6122569892473116, ""arousal"": 0.46864850230414734, ""dominance"": 0.5529744623655913, ""emotion"": [0.0064516129032258064, 0.015860215053763442, 0.05514592933947772, 0.04331797235023041, 0.024193548387096774, 0.0064516129032258064, 0.030145929339477726, 0.0064516129032258064]}","[{""valence"": 0.071, ""arousal"": 0.519, ""dominance"": 0.183}, {""valence"": 0.25966666666666666, ""arousal"": 0.6076666666666667, ""dominance"": 0.4643333333333333}, {""valence"": 0.7238571428571429, ""arousal"": 0.48571428571428565, ""dominance"": 0.604142857142857}, {""valence"": 0.76, ""arousal"": 0.4195714285714286, ""dominance"": 0.7285714285714285}, {""valence"": 0.7889999999999999, ""arousal"": 0.4155, ""dominance"": 0.488}, {""valence"": 0.071, ""arousal"": 0.519, ""dominance"": 0.183}, {""valence"": 0.8582500000000001, ""arousal"": 0.527, ""dominance"": 0.7132499999999999}, {""valence"": 0.071, ""arousal"": 0.519, ""dominance"": 0.183}]"
71,2022-09-29 06:51:03+00:00,"{""valence"": 0.6407510582010582, ""arousal"": 0.4416885085978836, ""dominance"": 0.5476850694444445, ""emotion"": [0.004629629629629629, 0.010582010582010581, 0.0882936507936508, 0.06058201058201058, 0.03472222222222222, 0.0462962962962963, 0.05456349206349206, 0.0]}","[{""valence"": 0.448, ""arousal"": 0.321, ""dominance"": 0.569}, {""valence"": 0.49450000000000005, ""arousal"": 0.571, ""dominance"": 0.6405}, {""valence"": 0.7576666666666667, ""arousal"": 0.4633333333333334, ""dominance"": 0.5348333333333334}, {""valence"": 0.7742857142857142, ""arousal"": 0.5234285714285714, ""dominance"": 0.6431428571428571}, {""valence"": 0.698, ""arousal"": 0.538, ""dominance"": 0.523}, {""valence"": 0.41800000000000004, ""arousal"": 0.34550000000000003, ""dominance"": 0.4815}, {""valence"": 0.81775, ""arousal"": 0.52775, ""dominance"": 0.5700000000000001}, {""valence"": 0, ""arousal"": 0, ""dominance"": 0}]"
72,2022-10-02 00:06:42+00:00,"{""valence"": 0.5987980536659108, ""arousal"": 0.4565988095238095, ""dominance"": 0.5616710506424792, ""emotion"": [0.033182161753590324, 0.016855631141345424, 0.03544973544973545, 0.09060846560846561, 0.0195578231292517, 0.023809523809523808, 0.052910052910052914, 0.006802721088435374]}","[{""valence"": 0.16240000000000002, ""arousal"": 0.7740000000000001, ""dominance"": 0.5016}, {""valence"": 0.167, ""arousal"": 0.875, ""dominance"": 0.5323333333333333}, {""valence"": 0.7432500000000001, ""arousal"": 0.49274999999999997, ""dominance"": 0.6825}, {""valence"": 0.6433333333333334, ""arousal"": 0.3303333333333333, ""dominance"": 0.6596666666666666}, {""valence"": 0.5376666666666666, ""arousal"": 0.447, ""dominance"": 0.5606666666666666}, {""valence"": 0.14133333333333334, ""arousal"": 0.6386666666666666, ""dominance"": 0.411}, {""valence"": 0.907, ""arousal"": 0.385, ""dominance"": 0.6305000000000001}, {""valence"": 0.323, ""arousal"": 0.89, ""dominance"": 0.549}]"
73,2022-10-03 07:24:57+00:00,"{""valence"": 0.5641460884353742, ""arousal"": 0.500435119047619, ""dominance"": 0.5697149234693878, ""emotion"": [0.06675170068027211, 0.1020408163265306, 0.03673469387755102, 0.08282312925170067, 0.04974489795918367, 0.03401360544217687, 0.022959183673469385, 0.022959183673469385]}","[{""valence"": 0.304, ""arousal"": 0.8044, ""dominance"": 0.5864}, {""valence"": 0.13972727272727273, ""arousal"": 0.8624545454545455, ""dominance"": 0.5750909090909091}, {""valence"": 0.3486666666666666, ""arousal"": 0.6368333333333333, ""dominance"": 0.5231666666666667}, {""valence"": 0.6837142857142856, ""arousal"": 0.5192857142857144, ""dominance"": 0.6987142857142857}, {""valence"": 0.4543333333333333, ""arousal"": 0.6143333333333333, ""dominance"": 0.593}, {""valence"": 0.23559999999999998, ""arousal"": 0.7108000000000001, ""dominance"": 0.3998}, {""valence"": 0.6266666666666666, ""arousal"": 0.52, ""dominance"": 0.7826666666666667}, {""valence"": 0.14950000000000002, ""arousal"": 0.6355, ""dominance"": 0.4185}]"
74,2022-10-04 16:47:02+00:00,"{""valence"": 0.6196568096935744, ""arousal"": 0.52733209192768, ""dominance"": 0.5784128618113913, ""emotion"": [0.033823529411764704, 0.09999999999999999, 0.07648332060096764, 0.11139122315592903, 0.024955436720142603, 0.038562091503267976, 0.047771836007130135, 0.014705882352941176]}","[{""valence"": 0.4515, ""arousal"": 0.7130000000000001, ""dominance"": 0.59625}, {""valence"": 0.3847777777777777, ""arousal"": 0.736, ""dominance"": 0.6317777777777778}, {""valence"": 0.7176923076923077, ""arousal"": 0.6529230769230769, ""dominance"": 0.6526923076923077}, {""valence"": 0.7595555555555555, ""arousal"": 0.5593333333333333, ""dominance"": 0.6566666666666667}, {""valence"": 0.70425, ""arousal"": 0.81725, ""dominance"": 0.734}, {""valence"": 0.40280000000000005, ""arousal"": 0.5588, ""dominance"": 0.4426}, {""valence"": 0.8985999999999998, ""arousal"": 0.659, ""dominance"": 0.6268}, {""valence"": 0.125, ""arousal"": 0.625, ""dominance"": 0.373}]"
75,2022-10-07 00:40:47+00:00,"{""valence"": 0.5958708049886623, ""arousal"": 0.4389290438397581, ""dominance"": 0.5430708805744521, ""emotion"": [0.07539682539682539, 0.11640211640211641, 0.034580498866213144, 0.1402116402116402, 0.06394557823129252, 0.03968253968253968, 0.13378684807256236, 0.06349206349206349]}","[{""valence"": 0.3103333333333333, ""arousal"": 0.7263333333333334, ""dominance"": 0.5946666666666667}, {""valence"": 0.411, ""arousal"": 0.617, ""dominance"": 0.5883333333333334}, {""valence"": 0.5203333333333333, ""arousal"": 0.46599999999999997, ""dominance"": 0.454}, {""valence"": 0.7347142857142857, ""arousal"": 0.49085714285714277, ""dominance"": 0.6588571428571429}, {""valence"": 0.5723333333333332, ""arousal"": 0.7566666666666667, ""dominance"": 0.653}, {""valence"": 0.276, ""arousal"": 0.45, ""dominance"": 0.40700000000000003}, {""valence"": 0.7131666666666666, ""arousal"": 0.5608333333333333, ""dominance"": 0.6501666666666667}, {""valence"": 0.3585, ""arousal"": 0.6995, ""dominance"": 0.526}]"
76,2022-10-09 11:12:07+00:00,"{""valence"": 0.6346144047619049, ""arousal"": 0.4628986904761905, ""dominance"": 0.5915075, ""emotion"": [0.0125, 0.07011904761904761, 0.1738095238095238, 0.04047619047619048, 0.0125, 0.008333333333333333, 0.04464285714285714, 0.0]}","[{""valence"": 0.448, ""arousal"": 0.57, ""dominance"": 0.475}, {""valence"": 0.352, ""arousal"": 0.7322857142857143, ""dominance"": 0.6931428571428571}, {""valence"": 0.6980000000000001, ""arousal"": 0.43462499999999993, ""dominance"": 0.6083750000000001}, {""valence"": 0.87425, ""arousal"": 0.44075, ""dominance"": 0.743}, {""valence"": 0.939, ""arousal"": 0.31, ""dominance"": 0.673}, {""valence"": 0.316, ""arousal"": 0.434, ""dominance"": 0.483}, {""valence"": 0.89675, ""arousal"": 0.43425, ""dominance"": 0.7002499999999999}, {""valence"": 0, ""arousal"": 0, ""dominance"": 0}]"
77,2022-10-10 00:07:38+00:00,"{""valence"": 0.603207488479263, ""arousal"": 0.4413300691244239, ""dominance"": 0.5212653609831029, ""emotion"": [0.004032258064516129, 0.01747311827956989, 0.08982334869431643, 0.07665130568356374, 0.011059907834101382, 0.024193548387096774, 0.04900153609831029, 0.05783410138248848]}","[{""valence"": 0.531, ""arousal"": 0.868, ""dominance"": 0.809}, {""valence"": 0.48266666666666663, ""arousal"": 0.7533333333333333, ""dominance"": 0.7439999999999999}, {""valence"": 0.5938181818181819, ""arousal"": 0.5549090909090908, ""dominance"": 0.5502727272727272}, {""valence"": 0.7187142857142856, ""arousal"": 0.5102857142857143, ""dominance"": 0.6647142857142858}, {""valence"": 0.7815, ""arousal"": 0.536, ""dominance"": 0.526}, {""valence"": 0.15033333333333332, ""arousal"": 0.5336666666666666, ""dominance"": 0.3546666666666667}, {""valence"": 0.765, ""arousal"": 0.5855, ""dominance"": 0.6286666666666666}, {""valence"": 0.16916666666666666, ""arousal"": 0.6193333333333334, ""dominance"": 0.33749999999999997}]"
78,2022-10-13 00:10:10+00:00,"{""valence"": 0.5985046031746031, ""arousal"": 0.4969033333333332, ""dominance"": 0.561801746031746, ""emotion"": [0.08666666666666666, 0.08571428571428572, 0.03476190476190475, 0.1, 0.013333333333333332, 0.03904761904761904, 0.019047619047619046, 0.0]}","[{""valence"": 0.2165, ""arousal"": 0.706375, ""dominance"": 0.41375}, {""valence"": 0.14625000000000002, ""arousal"": 0.762125, ""dominance"": 0.43162500000000004}, {""valence"": 0.7240000000000001, ""arousal"": 0.7625, ""dominance"": 0.6552499999999999}, {""valence"": 0.7120000000000001, ""arousal"": 0.46833333333333327, ""dominance"": 0.7588333333333334}, {""valence"": 0.844, ""arousal"": 0.608, ""dominance"": 0.827}, {""valence"": 0.056333333333333326, ""arousal"": 0.6753333333333335, ""dominance"": 0.30866666666666664}, {""valence"": 0.815, ""arousal"": 0.598, ""dominance"": 0.808}, {""valence"": 0, ""arousal"": 0, ""dominance"": 0}]"
79,2022-10-15 00:12:52+00:00,"{""valence"": 0.5678489468864468, ""arousal"": 0.4682723443223443, ""dominance"": 0.5474509615384615, ""emotion"": [0.038461538461538464, 0.04913003663003663, 0.08882783882783882, 0.1564102564102564, 0.05128205128205128, 0.03974358974358974, 0.06666666666666667, 0.029487179487179487]}","[{""valence"": 0.26625, ""arousal"": 0.6755, ""dominance"": 0.47074999999999995}, {""valence"": 0.19366666666666665, ""arousal"": 0.6581666666666667, ""dominance"": 0.4218333333333333}, {""valence"": 0.6055714285714285, ""arousal"": 0.4598571428571428, ""dominance"": 0.5640000000000001}, {""valence"": 0.7545999999999999, ""arousal"": 0.39509999999999995, ""dominance"": 0.7062999999999999}, {""valence"": 0.793, ""arousal"": 0.51975, ""dominance"": 0.5850000000000001}, {""valence"": 0.08075, ""arousal"": 0.6459999999999999, ""dominance"": 0.30125}, {""valence"": 0.8041666666666667, ""arousal"": 0.41333333333333333, ""dominance"": 0.6441666666666666}, {""valence"": 0.096, ""arousal"": 0.6072500000000001, ""dominance"": 0.27125}]"
80,2022-10-16 00:26:43+00:00,"{""valence"": 0.5763881944444447, ""arousal"": 0.4461652777777778, ""dominance"": 0.5040614583333334, ""emotion"": [0.034375, 0.04010416666666666, 0.07569444444444445, 0.08333333333333334, 0.028645833333333332, 0.024479166666666663, 0.058159722222222224, 0.034895833333333334]}","[{""valence"": 0.15919999999999998, ""arousal"": 0.6724, ""dominance"": 0.4196}, {""valence"": 0.19519999999999998, ""arousal"": 0.6364000000000001, ""dominance"": 0.511}, {""valence"": 0.8117777777777777, ""arousal"": 0.48255555555555546, ""dominance"": 0.6883333333333334}, {""valence"": 0.7898333333333335, ""arousal"": 0.43016666666666664, ""dominance"": 0.6408333333333334}, {""valence"": 0.7673333333333332, ""arousal"": 0.37233333333333335, ""dominance"": 0.5366666666666666}, {""valence"": 0.21766666666666665, ""arousal"": 0.40266666666666673, ""dominance"": 0.23966666666666667}, {""valence"": 0.8751666666666665, ""arousal"": 0.49266666666666664, ""dominance"": 0.6683333333333334}, {""valence"": 0.244, ""arousal"": 0.48125, ""dominance"": 0.27949999999999997}]"
81,2022-10-18 00:27:18+00:00,"{""valence"": 0.6651336940836943, ""arousal"": 0.4927968253968254, ""dominance"": 0.5859667027417027, ""emotion"": [0.03437950937950938, 0.03997113997113997, 0.07932900432900433, 0.06212121212121212, 0.045995670995670986, 0.014177489177489178, 0.04599567099567099, 0.008116883116883116]}","[{""valence"": 0.3364, ""arousal"": 0.6352, ""dominance"": 0.529}, {""valence"": 0.1306, ""arousal"": 0.8158, ""dominance"": 0.5784}, {""valence"": 0.7415555555555555, ""arousal"": 0.5436666666666667, ""dominance"": 0.6197777777777778}, {""valence"": 0.7445714285714286, ""arousal"": 0.5101428571428571, ""dominance"": 0.6894285714285714}, {""valence"": 0.7865000000000001, ""arousal"": 0.45283333333333325, ""dominance"": 0.625}, {""valence"": 0.21133333333333335, ""arousal"": 0.48066666666666674, ""dominance"": 0.4693333333333333}, {""valence"": 0.8553333333333333, ""arousal"": 0.5155, ""dominance"": 0.617}, {""valence"": 0.0765, ""arousal"": 0.7849999999999999, ""dominance"": 0.377}]"
82,2022-10-21 01:11:17+00:00,"{""valence"": 0.6086451479076478, ""arousal"": 0.4494353354978355, ""dominance"": 0.5639797077922077, ""emotion"": [0.04621212121212121, 0.02727272727272727, 0.06628787878787878, 0.0698051948051948, 0.045454545454545456, 0.03409090909090909, 0.056818181818181816, 0.012121212121212121]}","[{""valence"": 0.19624999999999998, ""arousal"": 0.7255, ""dominance"": 0.5409999999999999}, {""valence"": 0.08600000000000001, ""arousal"": 0.843, ""dominance"": 0.6316666666666667}, {""valence"": 0.6799999999999999, ""arousal"": 0.4959999999999999, ""dominance"": 0.6108}, {""valence"": 0.7523333333333332, ""arousal"": 0.4775, ""dominance"": 0.668}, {""valence"": 0.6836666666666668, ""arousal"": 0.435, ""dominance"": 0.5783333333333334}, {""valence"": 0.32199999999999995, ""arousal"": 0.6925, ""dominance"": 0.747}, {""valence"": 0.79775, ""arousal"": 0.4895, ""dominance"": 0.6212500000000001}, {""valence"": 0.07050000000000001, ""arousal"": 0.7585, ""dominance"": 0.335}]"
83,2022-10-22 00:39:36+00:00,"{""valence"": 0.6794764285714286, ""arousal"": 0.45038325396825396, ""dominance"": 0.5478274603174603, ""emotion"": [0.016666666666666666, 0.027777777777777776, 0.13976190476190478, 0.13007936507936507, 0.07194444444444444, 0.02333333333333333, 0.09646825396825397, 0.01111111111111111]}","[{""valence"": 0.156, ""arousal"": 0.843, ""dominance"": 0.321}, {""valence"": 0.3905, ""arousal"": 0.709, ""dominance"": 0.4635}, {""valence"": 0.792357142857143, ""arousal"": 0.47657142857142853, ""dominance"": 0.5556428571428571}, {""valence"": 0.8339090909090909, ""arousal"": 0.48763636363636365, ""dominance"": 0.5844545454545454}, {""valence"": 0.8949999999999999, ""arousal"": 0.447, ""dominance"": 0.5511666666666667}, {""valence"": 0.375, ""arousal"": 0.46249999999999997, ""dominance"": 0.2595}, {""valence"": 0.8923636363636365, ""arousal"": 0.47490909090909095, ""dominance"": 0.5483636363636365}, {""valence"": 0.086, ""arousal"": 0.567, ""dominance"": 0.113}]"
84,2022-10-25 01:15:05+00:00,"{""valence"": 0.6386946895424837, ""arousal"": 0.4469103758169934, ""dominance"": 0.5507795751633986, ""emotion"": [0.020098039215686276, 0.024509803921568624, 0.10212418300653595, 0.11290849673202615, 0.014705882352941176, 0.025735294117647058, 0.029248366013071896, 0.007352941176470588]}","[{""valence"": 0.22, ""arousal"": 0.5707500000000001, ""dominance"": 0.5035000000000001}, {""valence"": 0.28850000000000003, ""arousal"": 0.5655, ""dominance"": 0.31925}, {""valence"": 0.755125, ""arousal"": 0.43599999999999994, ""dominance"": 0.6051249999999999}, {""valence"": 0.6958571428571428, ""arousal"": 0.4372857142857143, ""dominance"": 0.6244285714285714}, {""valence"": 0.5265, ""arousal"": 0.453, ""dominance"": 0.355}, {""valence"": 0.19899999999999998, ""arousal"": 0.602, ""dominance"": 0.35000000000000003}, {""valence"": 0.9008, ""arousal"": 0.4281999999999999, ""dominance"": 0.6344000000000001}, {""valence"": 0.115, ""arousal"": 0.538, ""dominance"": 0.176}]"
85,2022-10-29 00:11:43+00:00,"{""valence"": 0.6271066618566619, ""arousal"": 0.45938583453583437, ""dominance"": 0.5555232804232805, ""emotion"": [0.03872053872053872, 0.04292929292929293, 0.08362193362193364, 0.10921115921115922, 0.03682058682058682, 0.007575757575757576, 0.0688071188071188, 0.04141414141414142]}","[{""valence"": 0.45625, ""arousal"": 0.6647500000000001, ""dominance"": 0.66275}, {""valence"": 0.35675000000000007, ""arousal"": 0.7995, ""dominance"": 0.62325}, {""valence"": 0.7224166666666667, ""arousal"": 0.5368333333333333, ""dominance"": 0.6333333333333333}, {""valence"": 0.7967333333333333, ""arousal"": 0.46186666666666665, ""dominance"": 0.6778666666666667}, {""valence"": 0.7745714285714286, ""arousal"": 0.5855714285714286, ""dominance"": 0.716857142857143}, {""valence"": 0.199, ""arousal"": 0.663, ""dominance"": 0.148}, {""valence"": 0.802625, ""arousal"": 0.524375, ""dominance"": 0.655}, {""valence"": 0.4055, ""arousal"": 0.63025, ""dominance"": 0.4765}]"
86,2022-11-01 01:10:52+00:00,"{""valence"": 0.6300027986633251, ""arousal"": 0.5093160609857978, ""dominance"": 0.5812059941520468, ""emotion"": [0.03508771929824561, 0.02412280701754386, 0.10307017543859649, 0.16967418546365914, 0.008771929824561403, 0.08602756892230574, 0.08771929824561403, 0.03508771929824561]}","[{""valence"": 0.078, ""arousal"": 0.7435, ""dominance"": 0.388}, {""valence"": 0.22899999999999998, ""arousal"": 0.5385, ""dominance"": 0.4355}, {""valence"": 0.7476, ""arousal"": 0.6682, ""dominance"": 0.6818}, {""valence"": 0.7299166666666667, ""arousal"": 0.49041666666666667, ""dominance"": 0.6623333333333333}, {""valence"": 0.948, ""arousal"": 0.694, ""dominance"": 0.783}, {""valence"": 0.3438333333333334, ""arousal"": 0.4323333333333333, ""dominance"": 0.33049999999999996}, {""valence"": 0.8065, ""arousal"": 0.5782499999999999, ""dominance"": 0.6765}, {""valence"": 0.078, ""arousal"": 0.7435, ""dominance"": 0.388}]"
